1220,中山,1,未勝利,未勝利*,1,1,53▲, リスペクトライト,牡,2,２歳,石神深道,,ダ,1200,16,(美),和田正一,美浦,
1220,中山,1,未勝利,未勝利*,1,2, 56 , コブラツイスト,牡,2,２歳,菊沢一樹,,ダ,1200,16,(美),石栗龍彦,美浦,
1220,中山,1,未勝利,未勝利*,2,3,52▲, ポルタシャーンス,牝,2,２歳,舟山瑠泉,,ダ,1200,16,(美),武藤善則,美浦,
1220,中山,1,未勝利,未勝利*,2,4, 55 , ラスエル,牝,2,２歳,杉原誠人,,ダ,1200,16,(美),田村康仁,美浦,
1220,中山,1,未勝利,未勝利*,3,5, 56 , エルドラド,牡,2,２歳,原田和真,,ダ,1200,16,(美),蛯名利弘,美浦,B
1220,中山,1,未勝利,未勝利*,3,6, 56 , シュピラー,牡,2,２歳,菅原明良,,ダ,1200,16,(美),高木登,美浦,
1220,中山,1,未勝利,未勝利*,4,7, 55 , アイビーキラリ,牝,2,２歳,原優介,,ダ,1200,16,(美),青木孝文,美浦,
1220,中山,1,未勝利,未勝利*,4,8, 55 , カンレイスター,牝,2,２歳,富田暁,,ダ,1200,16,(美),矢野英一,美浦,
1220,中山,1,未勝利,未勝利*,5,9, 55 , ジョリュウジャンシ,牝,2,２歳,嶋田純次,,ダ,1200,16,(美),南田美知,美浦,
1220,中山,1,未勝利,未勝利*,5,10, 56 , ベアハンドキャッチ,牡,2,２歳,荻野極,,ダ,1200,16,(美),池上昌和,美浦,
1220,中山,1,未勝利,未勝利*,6,11, 56 , ニンジャトットリ,牡,2,２歳,木幡育也,,ダ,1200,16,(美),松永康利,美浦,
1220,中山,1,未勝利,未勝利*,6,12, 55 , ナムラパピ,牝,2,２歳,木幡初也,,ダ,1200,16,(美),武市康男,美浦,
1220,中山,1,未勝利,未勝利*,7,13, 55 , ドライヴトウショウ,牝,2,２歳,内田博幸,,ダ,1200,16,(美),杉浦宏昭,美浦,
1220,中山,1,未勝利,未勝利*,7,14, 56 , ジャガーライズ,牡,2,２歳,三浦皇成,,ダ,1200,16,(美),伊藤圭三,美浦,B
1220,中山,1,未勝利,未勝利*,8,15,52▲, メイショウオタモイ,牝,2,２歳,遠藤汰月,,ダ,1200,16,(美),高柳瑞樹,美浦,
1220,中山,1,未勝利,未勝利*,8,16, 55 , メインテーマ,牝,2,２歳,丹内祐次,,ダ,1200,16,(美),小手川準,美浦,
1220,中山,2,未勝利,未勝利・牝*,1,1, 55 , ブルーサーマル,牝,2,２歳,内田博幸,,ダ,1800,16,(美),池上昌和,美浦,
1220,中山,2,未勝利,未勝利・牝*,1,2, 55 , ケイツーリーブル,牝,2,２歳,津村明秀,,ダ,1800,16,(美),千葉直人,美浦,
1220,中山,2,未勝利,未勝利・牝*,2,3, 55 , ノーブルクラウド,牝,2,２歳,西村淳也,,ダ,1800,16,(美),久保田貴,美浦,
1220,中山,2,未勝利,未勝利・牝*,2,4, 55 , アーティラリー,牝,2,２歳,菊沢一樹,,ダ,1800,16,(美),松山将樹,美浦,
1220,中山,2,未勝利,未勝利・牝*,3,5, 55 , アルティソナンテ,牝,2,２歳,丹内祐次,,ダ,1800,16,(美),萩原清,美浦,
1220,中山,2,未勝利,未勝利・牝*,3,6, 55 , ティルベリー,牝,2,２歳,マーカン,,ダ,1800,16,(美),宮田敬介,美浦,
1220,中山,2,未勝利,未勝利・牝*,4,7,52▲, ティナンヴァランタ,牝,2,２歳,石神深道,,ダ,1800,16,(美),森一誠,美浦,
1220,中山,2,未勝利,未勝利・牝*,4,8, 55 , ルサフィール,牝,2,２歳,江田照男,,ダ,1800,16,(美),矢野英一,美浦,
1220,中山,2,未勝利,未勝利・牝*,5,9, 55 , グラスハーティー,牝,2,２歳,斎藤新,,ダ,1800,16,(美),松山将樹,美浦,
1220,中山,2,未勝利,未勝利・牝*,5,10,52▲, マリノリュミエール,牝,2,２歳,遠藤汰月,,ダ,1800,16,(美),村田一誠,美浦,
1220,中山,2,未勝利,未勝利・牝*,6,11, 55 , ヤマヤロード,牝,2,２歳,原田和真,,ダ,1800,16,(美),上原博之,美浦,
1220,中山,2,未勝利,未勝利・牝*,6,12, 55 , アスコットヴェール,牝,2,２歳,佐々木大,,ダ,1800,16,(美),竹内正洋,美浦,
1220,中山,2,未勝利,未勝利・牝*,7,13, 55 , ホールドザデイ,牝,2,２歳,木幡巧也,,ダ,1800,16,(美),田中勝春,美浦,
1220,中山,2,未勝利,未勝利・牝*,7,14, 55 , マスカルポーネ,牝,2,２歳,福原杏,,ダ,1800,16,(美),水野貴広,美浦,
1220,中山,2,未勝利,未勝利・牝*,8,15,53△, クインズツバキ,牝,2,２歳,長浜鴻緒,,ダ,1800,16,(美),上原博之,美浦,
1220,中山,2,未勝利,未勝利・牝*,8,16,52▲, フィクセルリリア,牝,2,２歳,舟山瑠泉,,ダ,1800,16,(美),田中博康,美浦,B
1220,中山,3,未勝利,未勝利*,1,1, 55 , チャチャット,牝,2,２歳,柴田善臣,,芝,1800,16,(美),柄崎将寿,美浦,
1220,中山,3,未勝利,未勝利*,1,2, 55 , サンヴィクトワール,牝,2,２歳,ルメール,,芝,1800,16,(美),武井亮,美浦,
1220,中山,3,未勝利,未勝利*,2,3, 56 , スクイーズアウト,牡,2,２歳,原優介,,芝,1800,16,(美),黒岩陽一,美浦,
1220,中山,3,未勝利,未勝利*,2,4, 56 , ヘラクレステソーロ,牡,2,２歳,江田照男,,芝,1800,16,(美),高木登,美浦,
1220,中山,3,未勝利,未勝利*,3,5, 56 , アルデキングダム,牡,2,２歳,横山典弘,,芝,1800,16,(美),村田一誠,美浦,
1220,中山,3,未勝利,未勝利*,3,6, 56 , トップデュオ,牡,2,２歳,荻野極,,芝,1800,16,(美),尾関知人,美浦,
1220,中山,3,未勝利,未勝利*,4,7, 56 , ドッグウッド,牡,2,２歳,マーカン,,芝,1800,16,(美),斎藤誠,美浦,
1220,中山,3,未勝利,未勝利*,4,8, 56 , フクスケ,牡,2,２歳,木幡巧也,,芝,1800,16,(美),杉浦宏昭,美浦,
1220,中山,3,未勝利,未勝利*,5,9, 56 , ベルウッドバイオ,牡,2,２歳,吉田豊,,芝,1800,16,(美),高橋文雅,美浦,
1220,中山,3,未勝利,未勝利*,5,10, 55 , ベルランコントル,牝,2,２歳,丹内祐次,,芝,1800,16,(美),伊藤大士,美浦,
1220,中山,3,未勝利,未勝利*,6,11, 56 , ショウナンバーボン,牡,2,２歳,横山和生,,芝,1800,16,(美),加藤士津,美浦,
1220,中山,3,未勝利,未勝利*,6,12, 56 , ツウキンカイソク,牡,2,２歳,菅原明良,,芝,1800,16,(美),岩戸孝樹,美浦,
1220,中山,3,未勝利,未勝利*,7,13, 56 , ダンシングアウェイ,牡,2,２歳,津村明秀,,芝,1800,16,(美),相沢郁,美浦,
1220,中山,3,未勝利,未勝利*,7,14, 56 , ミスターライト,牡,2,２歳,三浦皇成,,芝,1800,16,(美),鹿戸雄一,美浦,
1220,中山,3,未勝利,未勝利*,8,15, 56 , ダイユウアレグロ,牡,2,２歳,内田博幸,,芝,1800,16,(美),松永康利,美浦,
1220,中山,3,未勝利,未勝利*,8,16, 56 , ヒロイックヴァース,牡,2,２歳,戸崎圭太,,芝,1800,16,(美),浅利英明,美浦,
1220,中山,4,新馬,新馬,1,1, 56 , パカラパカラ,牡,2,２歳,横山武史,,ダ,1800,13,(美),加藤征弘,美浦,
1220,中山,4,新馬,新馬,2,2, 55 ,$エクスマウス,牝,2,２歳,マーカン,,ダ,1800,13,(栗),茶木太樹,栗東,
1220,中山,4,新馬,新馬,3,3,52▲, アリストクラット,牝,2,２歳,石神深道,,ダ,1800,13,(美),田島俊明,美浦,
1220,中山,4,新馬,新馬,4,4,52▲, エリザベスタウン,牝,2,２歳,遠藤汰月,,ダ,1800,13,(美),池上昌和,美浦,
1220,中山,4,新馬,新馬,4,5,53▲, クリムゾンリーフ,牡,2,２歳,上里直汰,,ダ,1800,13,(美),加藤士津,美浦,
1220,中山,4,新馬,新馬,5,6, 56 , ジーティームーチョ,牡,2,２歳,西村淳也,,ダ,1800,13,(美),池上昌和,美浦,
1220,中山,4,新馬,新馬,5,7, 56 , バスキュール,牡,2,２歳,ルメール,,ダ,1800,13,(美),林徹,美浦,
1220,中山,4,新馬,新馬,6,8, 56 , コイオステソーロ,牡,2,２歳,菅原明良,,ダ,1800,13,(美),高木登,美浦,
1220,中山,4,新馬,新馬,6,9, 56 , ツーエムアスリート,牡,2,２歳,松若風馬,,ダ,1800,13,(栗),東田明士,栗東,
1220,中山,4,新馬,新馬,7,10, 56 , ゴールドブレイズ,牡,2,２歳,荻野極,,ダ,1800,13,(美),浅利英明,美浦,
1220,中山,4,新馬,新馬,7,11, 56 , ザンテソーロ,牡,2,２歳,木幡巧也,,ダ,1800,13,(美),畠山吉宏,美浦,
1220,中山,4,新馬,新馬,8,12, 56 , ミスターキャンベラ,牡,2,２歳,戸崎圭太,,ダ,1800,13,(美),稲垣幸雄,美浦,
1220,中山,4,新馬,新馬,8,13,53△, ソフィアプルーマ,牝,2,２歳,長浜鴻緒,,ダ,1800,13,(美),上原博之,美浦,
1220,中山,5,新馬,新馬,1,1, 56 , マナイアカラニ,牡,2,２歳,菊沢一樹,,芝,2000,17,(美),田中勝春,美浦,
1220,中山,5,新馬,新馬,1,2, 56 , ウィリーズロック,牡,2,２歳,原優介,,芝,2000,17,(美),黒岩陽一,美浦,
1220,中山,5,新馬,新馬,2,3, 56 , カゲムシャ,牡,2,２歳,横山典弘,,芝,2000,17,(美),萩原清,美浦,
1220,中山,5,新馬,新馬,2,4, 56 , カフェタンガロア,牡,2,２歳,横山和生,,芝,2000,17,(美),嘉藤貴行,美浦,
1220,中山,5,新馬,新馬,3,5, 55 , オートカリテ,牝,2,２歳,木幡巧也,,芝,2000,17,(美),牧光二,美浦,
1220,中山,5,新馬,新馬,3,6, 56 , タビニュ,牡,2,２歳,石川裕紀,,芝,2000,17,(美),宮田敬介,美浦,
1220,中山,5,新馬,新馬,4,7, 55 , ファーストシーン,牝,2,２歳,杉原誠人,,芝,2000,17,(美),大和田成,美浦,
1220,中山,5,新馬,新馬,4,8, 56 , ランブルスコ,牡,2,２歳,マーカン,,芝,2000,17,(美),蛯名正義,美浦,
1220,中山,5,新馬,新馬,5,9, 56 , イーサンミラー,牡,2,２歳,丹内祐次,,芝,2000,17,(美),稲垣幸雄,美浦,
1220,中山,5,新馬,新馬,5,10, 55 , エリーニック,牝,2,２歳,内田博幸,,芝,2000,17,(美),千葉直人,美浦,
1220,中山,5,新馬,新馬,6,11, 55 , セシルブリュネ,牝,2,２歳,横山武史,,芝,2000,17,(美),栗田徹,美浦,
1220,中山,5,新馬,新馬,6,12, 55 , スーザンバローズ,牝,2,２歳,プーシャ,,芝,2000,17,(美),奥村武,美浦,
1220,中山,5,新馬,新馬,7,13, 56 , サンライズマシュー,牡,2,２歳,西村淳也,,芝,2000,17,(栗),牧浦充徳,栗東,
1220,中山,5,新馬,新馬,7,14, 56 , ニシノモリミチ,牡,2,２歳,菅原明良,,芝,2000,17,(美),高木登,美浦,
1220,中山,5,新馬,新馬,8,15, 56 , リアライズステラ,牡,2,２歳,佐々木大,,芝,2000,17,(栗),須貝尚介,栗東,
1220,中山,5,新馬,新馬,8,16,52▲, フュチュール,牝,2,２歳,舟山瑠泉,,芝,2000,17,(美),嘉藤貴行,美浦,
1220,中山,5,新馬,新馬,8,17, 55 , プラウディッツ,牝,2,２歳,ルメール,,芝,2000,17,(美),田中博康,美浦,
1220,中山,6,新馬,新馬・牝,1,1, 55 , ピエスユニーク,牝,2,２歳,戸崎圭太,,芝,1800,16,(美),手塚貴久,美浦,
1220,中山,6,新馬,新馬・牝,1,2, 55 , ナディア,牝,2,２歳,佐々木大,,芝,1800,16,(美),菊川正達,美浦,
1220,中山,6,新馬,新馬・牝,2,3,52▲, リベルタアーラ,牝,2,２歳,石神深道,,芝,1800,16,(美),深山雅史,美浦,
1220,中山,6,新馬,新馬・牝,2,4, 55 , ダノンアスコルティ,牝,2,２歳,ルメール,,芝,1800,16,(美),萩原清,美浦,
1220,中山,6,新馬,新馬・牝,3,5, 55 , サウンドファミリエ,牝,2,２歳,石川裕紀,,芝,1800,16,(美),和田正一,美浦,
1220,中山,6,新馬,新馬・牝,3,6, 55 , サプーズ,牝,2,２歳,菅原明良,,芝,1800,16,(美),伊藤大士,美浦,
1220,中山,6,新馬,新馬・牝,4,7, 55 , リュクスパトロール,牝,2,２歳,西村淳也,,芝,1800,16,(美),加藤士津,美浦,
1220,中山,6,新馬,新馬・牝,4,8, 55 , ディアアズール,牝,2,２歳,石橋脩,,芝,1800,16,(美),森一誠,美浦,
1220,中山,6,新馬,新馬・牝,5,9,53△, クイーンアン,牝,2,２歳,長浜鴻緒,,芝,1800,16,(美),蛯名正義,美浦,
1220,中山,6,新馬,新馬・牝,5,10, 55 , ロッタリーランド,牝,2,２歳,小林脩斗,,芝,1800,16,(美),浅利英明,美浦,
1220,中山,6,新馬,新馬・牝,6,11, 55 , アイアンパイク,牝,2,２歳,横山典弘,,芝,1800,16,(美),村田一誠,美浦,
1220,中山,6,新馬,新馬・牝,6,12, 55 , ホワイトオパール,牝,2,２歳,津村明秀,,芝,1800,16,(美),尾関知人,美浦,
1220,中山,6,新馬,新馬・牝,7,13, 55 , トパーズテソーロ,牝,2,２歳,原優介,,芝,1800,16,(美),稲垣幸雄,美浦,
1220,中山,6,新馬,新馬・牝,7,14, 55 , エルファリス,牝,2,２歳,菊沢一樹,,芝,1800,16,(美),加藤和宏,美浦,
1220,中山,6,新馬,新馬・牝,8,15, 55 , チョコスコーン,牝,2,２歳,丹内祐次,,芝,1800,16,(美),林徹,美浦,
1220,中山,6,新馬,新馬・牝,8,16, 55 , イヌボウノツキ,牝,2,２歳,荻野極,,芝,1800,16,(美),奥村武,美浦,
1220,中山,7,未勝利,未勝利*,1,1, 56 , アメリカンロマン,牡,2,２歳,菊沢一樹,,ダ,1800,16,(美),伊藤圭三,美浦,B
1220,中山,7,未勝利,未勝利*,1,2, 56 , アルファシーナ,牡,2,２歳,小林凌大,,ダ,1800,16,(美),伊藤伸一,美浦,
1220,中山,7,未勝利,未勝利*,2,3, 56 , ファイタージェット,牡,2,２歳,津村明秀,,ダ,1800,16,(美),林徹,美浦,
1220,中山,7,未勝利,未勝利*,2,4, 56 , ジェイエルモーダル,牡,2,２歳,吉田豊,,ダ,1800,16,(美),小西一男,美浦,
1220,中山,7,未勝利,未勝利*,3,5, 56 , アデルフィー,牡,2,２歳,戸崎圭太,,ダ,1800,16,(美),金成貴史,美浦,
1220,中山,7,未勝利,未勝利*,3,6, 56 , ヴァンデスペランス,牡,2,２歳,マーカン,,ダ,1800,16,(美),中舘英二,美浦,
1220,中山,7,未勝利,未勝利*,4,7, 56 , スピアザキック,牡,2,２歳,原優介,,ダ,1800,16,(美),小手川準,美浦,
1220,中山,7,未勝利,未勝利*,4,8, 56 , シュガーシャック,牡,2,２歳,内田博幸,,ダ,1800,16,(美),古賀慎明,美浦,
1220,中山,7,未勝利,未勝利*,5,9,54△, マルターズドン,牡,2,２歳,長浜鴻緒,,ダ,1800,16,(美),手塚貴久,美浦,
1220,中山,7,未勝利,未勝利*,5,10, 56 , エコロガノン,牡,2,２歳,菅原明良,,ダ,1800,16,(美),矢野英一,美浦,
1220,中山,7,未勝利,未勝利*,6,11, 56 , ロケットパンチ,牡,2,２歳,柴田善臣,,ダ,1800,16,(美),武藤善則,美浦,
1220,中山,7,未勝利,未勝利*,6,12, 56 , アレステリオス,牡,2,２歳,杉原誠人,,ダ,1800,16,(美),辻哲英,美浦,
1220,中山,7,未勝利,未勝利*,7,13, 56 , オリジナルアポジー,牡,2,２歳,福原杏,,ダ,1800,16,(美),水野貴広,美浦,
1220,中山,7,未勝利,未勝利*,7,14,53▲, トーアシチフクジン,牡,2,２歳,遠藤汰月,,ダ,1800,16,(美),村田一誠,美浦,B
1220,中山,7,未勝利,未勝利*,8,15, 56 , オルブライト,牡,2,２歳,木幡巧也,,ダ,1800,16,(美),杉浦宏昭,美浦,B
1220,中山,7,未勝利,未勝利*,8,16, 56 , コレクト,牡,2,２歳,佐々木大,,ダ,1800,16,(美),黒岩陽一,美浦,
1220,中山,8,1勝,１勝ｸﾗｽ,1,1, 57 , ダンケルド,牡,3,３歳以上,杉原誠人,,ダ,1200,16,(美),森一誠,美浦,
1220,中山,8,1勝,１勝ｸﾗｽ,1,2, 57 , レーヴレジェンド,牡,3,３歳以上,菊沢一樹,,ダ,1200,16,(美),金成貴史,美浦,
1220,中山,8,1勝,１勝ｸﾗｽ,2,3, 58 , キボウノホシ,セ,6,３歳以上,プーシャ,,ダ,1200,16,(美),奥平雅士,美浦,
1220,中山,8,1勝,１勝ｸﾗｽ,2,4, 54 ,$ピコテンダー,牝,3,３歳以上,ルメール,,ダ,1200,16,(美),上原佑紀,美浦,B
1220,中山,8,1勝,１勝ｸﾗｽ,3,5, 55 , エンジェルブリーズ,牝,3,３歳以上,横山和生,,ダ,1200,16,(美),中舘英二,美浦,
1220,中山,8,1勝,１勝ｸﾗｽ,3,6,54▲, スペルビア,牡,3,３歳以上,上里直汰,,ダ,1200,16,(美),石栗龍彦,美浦,
1220,中山,8,1勝,１勝ｸﾗｽ,4,7, 55 , タルトポワール,牝,3,３歳以上,丹内祐次,,ダ,1200,16,(美),清水英克,美浦,
1220,中山,8,1勝,１勝ｸﾗｽ,4,8, 56 , ポムファッジ,牝,4,３歳以上,石橋脩,,ダ,1200,16,(美),矢野英一,美浦,
1220,中山,8,1勝,１勝ｸﾗｽ,5,9,55▲, セイゲン,セ,6,３歳以上,舟山瑠泉,,ダ,1200,16,(美),中川公成,美浦,
1220,中山,8,1勝,１勝ｸﾗｽ,5,10, 58 , カサブランカキッド,牡,5,３歳以上,横山典弘,,ダ,1200,16,(美),和田勇介,美浦,
1220,中山,8,1勝,１勝ｸﾗｽ,6,11, 55 , シルフレイ,牝,3,３歳以上,横山武史,,ダ,1200,16,(美),千葉直人,美浦,
1220,中山,8,1勝,１勝ｸﾗｽ,6,12, 58 , アツキヤマト,牡,4,３歳以上,小林凌大,,ダ,1200,16,(美),小西一男,美浦,
1220,中山,8,1勝,１勝ｸﾗｽ,7,13, 56 , ルプランドル,牝,6,３歳以上,木幡巧也,,ダ,1200,16,(美),萱野浩二,美浦,
1220,中山,8,1勝,１勝ｸﾗｽ,7,14, 58 , ルクスマーベリック,セ,4,３歳以上,富田暁,,ダ,1200,16,(美),大和田成,美浦,
1220,中山,8,1勝,１勝ｸﾗｽ,8,15,55△, ジェイエルバース,牡,3,３歳以上,長浜鴻緒,,ダ,1200,16,(美),小西一男,美浦,
1220,中山,8,1勝,１勝ｸﾗｽ,8,16, 58 ,$キングズブレス,牡,4,３歳以上,北村宏司,,ダ,1200,16,(美),木村哲也,美浦,
1220,中山,9,1勝,ひいらぎ･1勝,1,1, 56 , クレパスキュラー,牡,2,２歳,ルメール,,芝,1600,12,(美),栗田徹,美浦,
1220,中山,9,1勝,ひいらぎ･1勝,2,2, 56 , ヒシアイラ,牡,2,２歳,荻野極,,芝,1600,12,(栗),池江泰寿,栗東,
1220,中山,9,1勝,ひいらぎ･1勝,3,3, 56 , ニシノエースサマ,牡,2,２歳,津村明秀,,芝,1600,12,(美),鹿戸雄一,美浦,
1220,中山,9,1勝,ひいらぎ･1勝,4,4, 55 , バースデイフライト,牝,2,２歳,プーシャ,,芝,1600,12,(栗),新谷功一,栗東,
1220,中山,9,1勝,ひいらぎ･1勝,5,5, 56 , ピースサイン,牡,2,２歳,戸崎圭太,,芝,1600,12,(美),浅利英明,美浦,
1220,中山,9,1勝,ひいらぎ･1勝,5,6, 56 , エレクトロン,牡,2,２歳,嶋田純次,,芝,1600,12,(美),佐藤吉勝,美浦,B
1220,中山,9,1勝,ひいらぎ･1勝,6,7, 56 , フジガイフウ,牡,2,２歳,菅原明良,,芝,1600,12,(美),岩戸孝樹,美浦,
1220,中山,9,1勝,ひいらぎ･1勝,6,8, 56 , リゾートアイランド,牡,2,２歳,マーカン,,芝,1600,12,(美),上原佑紀,美浦,
1220,中山,9,1勝,ひいらぎ･1勝,7,9, 55 , サンブライト,牝,2,２歳,横山武史,,芝,1600,12,(美),鈴木慎太,美浦,
1220,中山,9,1勝,ひいらぎ･1勝,7,10, 56 , グロリアスマーチ,牡,2,２歳,佐々木大,,芝,1600,12,(栗),須貝尚介,栗東,
1220,中山,9,1勝,ひいらぎ･1勝,8,11, 56 , マイネルシンベリン,牡,2,２歳,丹内祐次,,芝,1600,12,(美),武市康男,美浦,
1220,中山,9,1勝,ひいらぎ･1勝,8,12, 56 , ゴールデンコマンチ,牡,2,２歳,福原杏,,芝,1600,12,[地],水野貴史,地方,
1220,中山,10,2勝,香取特別･2勝,1,1, 56 , フジレイメイ,牡,3,３歳以上,横山武史,,ダ,2400,16,(美),小笠倫弘,美浦,
1220,中山,10,2勝,香取特別･2勝,1,2, 56 , プレシャスデイ,牡,3,３歳以上,荻野極,,ダ,2400,16,(美),伊坂重信,美浦,
1220,中山,10,2勝,香取特別･2勝,2,3, 58 , ラファールドール,セ,4,３歳以上,内田博幸,,ダ,2400,16,(美),田島俊明,美浦,
1220,中山,10,2勝,香取特別･2勝,2,4, 58 , インペリアルライン,セ,6,３歳以上,原優介,,ダ,2400,16,(美),中舘英二,美浦,B
1220,中山,10,2勝,香取特別･2勝,3,5, 58 , ムジェロ,牡,5,３歳以上,マーカン,,ダ,2400,16,(栗),藤原英昭,栗東,B
1220,中山,10,2勝,香取特別･2勝,3,6, 58 , タイセイアディクト,牡,4,３歳以上,ルメール,,ダ,2400,16,(美),池上昌和,美浦,
1220,中山,10,2勝,香取特別･2勝,4,7, 58 , シャンバラ,牡,6,３歳以上,松若風馬,,ダ,2400,16,(栗),橋口慎介,栗東,
1220,中山,10,2勝,香取特別･2勝,4,8, 58 , セレクティオ,牡,5,３歳以上,斎藤新,,ダ,2400,16,(栗),橋口慎介,栗東,
1220,中山,10,2勝,香取特別･2勝,5,9, 58 , ヤウガウ,セ,8,３歳以上,菊沢一樹,,ダ,2400,16,(美),金成貴史,美浦,
1220,中山,10,2勝,香取特別･2勝,5,10, 58 , アトラクティーボ,牡,6,３歳以上,石橋脩,,ダ,2400,16,(美),武藤善則,美浦,
1220,中山,10,2勝,香取特別･2勝,6,11, 58 , イデアユウシン,牡,5,３歳以上,江田照男,,ダ,2400,16,(美),松永康利,美浦,B
1220,中山,10,2勝,香取特別･2勝,6,12, 58 ,*インジケーター,牡,4,３歳以上,北村宏司,,ダ,2400,16,(栗),高橋康之,栗東,B
1220,中山,10,2勝,香取特別･2勝,7,13, 58 , セイウンガレオン,セ,6,３歳以上,富田暁,,ダ,2400,16,(美),奥平雅士,美浦,
1220,中山,10,2勝,香取特別･2勝,7,14, 56 , ハッピーダンチャン,牡,3,３歳以上,西村淳也,,ダ,2400,16,(栗),小椋研介,栗東,
1220,中山,10,2勝,香取特別･2勝,8,15, 56 , コスモコンフェルマ,牡,3,３歳以上,丹内祐次,,ダ,2400,16,(美),鈴木慎太,美浦,B
1220,中山,10,2勝,香取特別･2勝,8,16, 56 , ファイアトリック,牡,3,３歳以上,佐々木大,,ダ,2400,16,(美),伊坂重信,美浦,
1220,中山,11,Ｇ３,ターコイＨG3,1,1, 53 , リラボニート,牝,4,３歳以上,丹内祐次,,芝,1600,16,(栗),須貝尚介,栗東,
1220,中山,11,Ｇ３,ターコイＨG3,1,2, 53 , スリールミニョン,牝,3,３歳以上,永島まな,,芝,1600,16,(栗),高橋康之,栗東,
1220,中山,11,Ｇ３,ターコイＨG3,2,3, 55 , シングザットソング,牝,5,３歳以上,斎藤新,,芝,1600,16,(栗),高野友和,栗東,
1220,中山,11,Ｇ３,ターコイＨG3,2,4, 54 , ジューンオレンジ,牝,5,３歳以上,横山和生,,芝,1600,16,(栗),長谷川浩,栗東,
1220,中山,11,Ｇ３,ターコイＨG3,3,5, 53 , ソルトクィーン,牝,4,３歳以上,富田暁,,芝,1600,16,(栗),武英智,栗東,
1220,中山,11,Ｇ３,ターコイＨG3,3,6,55.5, ウンブライル,牝,5,３歳以上,ルメール,,芝,1600,16,(美),木村哲也,美浦,B
1220,中山,11,Ｇ３,ターコイＨG3,4,7, 56 , ボンドガール,牝,4,３歳以上,津村明秀,,芝,1600,16,(美),手塚貴久,美浦,
1220,中山,11,Ｇ３,ターコイＨG3,4,8, 56 , ドロップオブライト,牝,6,３歳以上,松若風馬,,芝,1600,16,(栗),福永祐一,栗東,
1220,中山,11,Ｇ３,ターコイＨG3,5,9, 54 , ビップデイジー,牝,3,３歳以上,西村淳也,,芝,1600,16,(栗),松下武士,栗東,
1220,中山,11,Ｇ３,ターコイＨG3,5,10, 53 , ランフォーヴァウ,牝,3,３歳以上,小崎綾也,,芝,1600,16,(栗),福永祐一,栗東,B
1220,中山,11,Ｇ３,ターコイＨG3,6,11, 56 , カピリナ,牝,4,３歳以上,横山典弘,,芝,1600,16,(美),田島俊明,美浦,
1220,中山,11,Ｇ３,ターコイＨG3,6,12, 50 , キタウイング,牝,5,３歳以上,嶋田純次,,芝,1600,16,(美),小島茂之,美浦,
1220,中山,11,Ｇ３,ターコイＨG3,7,13,55.5, ソーダズリング,牝,5,３歳以上,横山武史,,芝,1600,16,(栗),新谷功一,栗東,
1220,中山,11,Ｇ３,ターコイＨG3,7,14, 53 , フィールシンパシー,牝,6,３歳以上,菅原明良,,芝,1600,16,(美),小島茂之,美浦,
1220,中山,11,Ｇ３,ターコイＨG3,8,15, 54 , ホウオウラスカーズ,牝,7,３歳以上,木幡巧也,,芝,1600,16,(美),高木登,美浦,
1220,中山,11,Ｇ３,ターコイＨG3,8,16, 54 , チェルビアット,牝,3,３歳以上,戸崎圭太,,芝,1600,16,(栗),高野友和,栗東,B
1220,中山,12,2勝,２勝ｸﾗｽ,1,1, 58 , ショウナンハクウン,牡,5,３歳以上,荻野極,,ダ,1200,16,(美),大竹正博,美浦,
1220,中山,12,2勝,２勝ｸﾗｽ,1,2, 58 , ロミオボス,牡,5,３歳以上,木幡巧也,,ダ,1200,16,(美),加藤征弘,美浦,B
1220,中山,12,2勝,２勝ｸﾗｽ,2,3,53▲, ファイントパーズ,牝,4,３歳以上,舟山瑠泉,,ダ,1200,16,(美),鈴木伸尋,美浦,B
1220,中山,12,2勝,２勝ｸﾗｽ,2,4, 58 , ロサンゼルス,牡,4,３歳以上,マーカン,,ダ,1200,16,(美),伊藤圭三,美浦,B
1220,中山,12,2勝,２勝ｸﾗｽ,3,5, 58 , ウォルラス,牡,5,３歳以上,杉原誠人,,ダ,1200,16,(美),中川公成,美浦,B
1220,中山,12,2勝,２勝ｸﾗｽ,3,6, 56 , ドナレア,牝,4,３歳以上,江田照男,,ダ,1200,16,(美),高木登,美浦,
1220,中山,12,2勝,２勝ｸﾗｽ,4,7, 55 ,*エリカマユーリ,牝,3,３歳以上,ルメール,,ダ,1200,16,(美),堀宣行,美浦,
1220,中山,12,2勝,２勝ｸﾗｽ,4,8, 55 , スノーサイレンス,牝,3,３歳以上,戸崎圭太,,ダ,1200,16,(栗),小栗実,栗東,
1220,中山,12,2勝,２勝ｸﾗｽ,5,9, 58 , アグラード,牡,4,３歳以上,津村明秀,,ダ,1200,16,(美),高柳瑞樹,美浦,
1220,中山,12,2勝,２勝ｸﾗｽ,5,10, 55 , タッカージーティー,牝,3,３歳以上,横山典弘,,ダ,1200,16,(美),鈴木伸尋,美浦,
1220,中山,12,2勝,２勝ｸﾗｽ,6,11,53▲, オリビアジュテーム,牝,5,３歳以上,上里直汰,,ダ,1200,16,(美),西田雄一,美浦,
1220,中山,12,2勝,２勝ｸﾗｽ,6,12, 56 , プレイテシア,牝,6,３歳以上,松若風馬,,ダ,1200,16,(栗),羽月友彦,栗東,
1220,中山,12,2勝,２勝ｸﾗｽ,7,13, 57 , ドントゥザムーン,牡,3,３歳以上,菅原明良,,ダ,1200,16,(美),高木登,美浦,
1220,中山,12,2勝,２勝ｸﾗｽ,7,14, 58 , ヘルメース,牡,4,３歳以上,菊沢一樹,,ダ,1200,16,(美),伊藤圭三,美浦,B
1220,中山,12,2勝,２勝ｸﾗｽ,8,15, 58 , ザウリ,牡,6,３歳以上,プーシャ,,ダ,1200,16,(栗),森田直行,栗東,
1220,中山,12,2勝,２勝ｸﾗｽ,8,16, 56 , トモジャミ,牝,5,３歳以上,丹内祐次,,ダ,1200,16,(美),鈴木伸尋,美浦,
1220,中京,1,未勝利,未勝利*,1,1, 55 , ピョイットハレルヤ,牝,2,２歳,藤懸貴志,,ダ,1200,16,(栗),浜田多実,栗東,
1220,中京,1,未勝利,未勝利*,1,2, 55 , スノーランス,牝,2,２歳,鮫島克駿,,ダ,1200,16,(美),上原佑紀,美浦,B
1220,中京,1,未勝利,未勝利*,2,3,53▲, ルヴレアール,牡,2,２歳,川端海翼,,ダ,1200,16,(栗),角田晃一,栗東,
1220,中京,1,未勝利,未勝利*,2,4, 55 , スイーヴル,牝,2,２歳,長岡禎仁,,ダ,1200,16,(栗),小椋研介,栗東,
1220,中京,1,未勝利,未勝利*,3,5, 56 , ポセイドンテソーロ,牡,2,２歳,野中悠太,,ダ,1200,16,(美),牧光二,美浦,
1220,中京,1,未勝利,未勝利*,3,6,54☆, メモリーデイズ,牝,2,２歳,西塚洸二,,ダ,1200,16,(栗),畑端省吾,栗東,
1220,中京,1,未勝利,未勝利*,4,7,52▲, マユナイト,牝,2,２歳,小林美駒,,ダ,1200,16,(栗),高橋康之,栗東,
1220,中京,1,未勝利,未勝利*,4,8, 55 , アリディプラチノ,牝,2,２歳,国分優作,,ダ,1200,16,(栗),安達昭夫,栗東,
1220,中京,1,未勝利,未勝利*,5,9, 55 , ミヤラティーニ,牝,2,２歳,高杉吏麒,,ダ,1200,16,(栗),東田明士,栗東,
1220,中京,1,未勝利,未勝利*,5,10, 56 , マーゴットオネイロ,牡,2,２歳,秋山稔樹,,ダ,1200,16,(栗),小林真也,栗東,
1220,中京,1,未勝利,未勝利*,6,11, 56 , ウシワカマル,牡,2,２歳,国分恭介,,ダ,1200,16,(栗),安達昭夫,栗東,
1220,中京,1,未勝利,未勝利*,6,12,53▲, ルクスプロフェシー,牡,2,２歳,森田誠也,,ダ,1200,16,(栗),高橋亮,栗東,
1220,中京,1,未勝利,未勝利*,7,13, 56 , ハルイチバン,牡,2,２歳,小沢大仁,,ダ,1200,16,(栗),西園正都,栗東,
1220,中京,1,未勝利,未勝利*,7,14, 56 , ファツアップ,牡,2,２歳,菱田裕二,,ダ,1200,16,(栗),緒方努,栗東,
1220,中京,1,未勝利,未勝利*,8,15, 56 , ケイアイブラック,牡,2,２歳,城戸義政,,ダ,1200,16,(栗),梅田智之,栗東,
1220,中京,1,未勝利,未勝利*,8,16,55☆, ミラビリオン,牡,2,２歳,松本大輝,,ダ,1200,16,(美),伊坂重信,美浦,
1220,中京,2,1勝,１勝ｸﾗｽ・牝,1,1,54△, ユーヴェリア,牝,4,３歳以上,柴田裕一,,ダ,1400,16,(栗),宮本博,栗東,
1220,中京,2,1勝,１勝ｸﾗｽ・牝,1,2, 55 , ルージュナリッシュ,牝,3,３歳以上,小沢大仁,,ダ,1400,16,(美),国枝栄,美浦,
1220,中京,2,1勝,１勝ｸﾗｽ・牝,2,3,55☆, クインズセレネ,牝,4,３歳以上,松本大輝,,ダ,1400,16,(栗),野中賢二,栗東,
1220,中京,2,1勝,１勝ｸﾗｽ・牝,2,4,53▲, カルネヴァーレ,牝,4,３歳以上,石田拓郎,,ダ,1400,16,(美),菊沢隆徳,美浦,B
1220,中京,2,1勝,１勝ｸﾗｽ・牝,3,5,53▲, リノアラ,牝,6,３歳以上,古川奈穂,,ダ,1400,16,(栗),今野貞一,栗東,B
1220,中京,2,1勝,１勝ｸﾗｽ・牝,3,6, 55 , エイミームーン,牝,3,３歳以上,藤懸貴志,,ダ,1400,16,(美),矢野英一,美浦,
1220,中京,2,1勝,１勝ｸﾗｽ・牝,4,7, 55 , ユージュアーナ,牝,3,３歳以上,亀田温心,,ダ,1400,16,(栗),奥村豊,栗東,
1220,中京,2,1勝,１勝ｸﾗｽ・牝,4,8, 56 , アトリウムチャペル,牝,4,３歳以上,菱田裕二,,ダ,1400,16,(美),浅利英明,美浦,
1220,中京,2,1勝,１勝ｸﾗｽ・牝,5,9,52▲, モリノアミーゴ,牝,3,３歳以上,小林美駒,,ダ,1400,16,(美),鈴木伸尋,美浦,
1220,中京,2,1勝,１勝ｸﾗｽ・牝,5,10, 55 , ヴィヴァシャス,牝,3,３歳以上,丸山元気,,ダ,1400,16,(栗),笹田和秀,栗東,
1220,中京,2,1勝,１勝ｸﾗｽ・牝,6,11, 55 , メルシージュテーム,牝,3,３歳以上,高杉吏麒,,ダ,1400,16,(美),西田雄一,美浦,
1220,中京,2,1勝,１勝ｸﾗｽ・牝,6,12,54☆, ショウナンラフィネ,牝,3,３歳以上,西塚洸二,,ダ,1400,16,(栗),高野友和,栗東,
1220,中京,2,1勝,１勝ｸﾗｽ・牝,7,13,51★, ハヤブサオヒメサマ,牝,3,３歳以上,河原田菜,,ダ,1400,16,(栗),渡辺薫彦,栗東,B
1220,中京,2,1勝,１勝ｸﾗｽ・牝,7,14, 55 , アクアマリーナ,牝,3,３歳以上,鮫島克駿,,ダ,1400,16,(美),伊坂重信,美浦,
1220,中京,2,1勝,１勝ｸﾗｽ・牝,8,15, 55 , イーブンベター,牝,3,３歳以上,国分恭介,,ダ,1400,16,(栗),牧浦充徳,栗東,
1220,中京,2,1勝,１勝ｸﾗｽ・牝,8,16,53◇, ホシニネガイヲ,牝,3,３歳以上,今村聖奈,,ダ,1400,16,(美),竹内正洋,美浦,
1220,中京,3,1勝,１勝ｸﾗｽ,1,1, 58 , サンダーユニバンス,牡,4,３歳以上,城戸義政,,ダ,1900,16,(栗),奥村豊,栗東,B
1220,中京,3,1勝,１勝ｸﾗｽ,1,2, 58 , コスモフレディ,牡,4,３歳以上,柴田大知,,ダ,1900,16,(美),水野貴広,美浦,B
1220,中京,3,1勝,１勝ｸﾗｽ,2,3, 57 , アバレリュウ,牡,3,３歳以上,野中悠太,,ダ,1900,16,(美),鈴木慎太,美浦,B
1220,中京,3,1勝,１勝ｸﾗｽ,2,4, 55 , スルーザナイト,牝,3,３歳以上,亀田温心,,ダ,1900,16,(栗),西園翔太,栗東,
1220,中京,3,1勝,１勝ｸﾗｽ,3,5,54▲, ニヒトツーゼーア,牡,3,３歳以上,小林美駒,,ダ,1900,16,(栗),中竹和也,栗東,
1220,中京,3,1勝,１勝ｸﾗｽ,3,6,54★, アイファーファイト,牡,6,３歳以上,河原田菜,,ダ,1900,16,(美),的場均,美浦,
1220,中京,3,1勝,１勝ｸﾗｽ,4,7,57☆, フリッパー,牡,5,３歳以上,西塚洸二,,ダ,1900,16,(美),戸田博文,美浦,
1220,中京,3,1勝,１勝ｸﾗｽ,4,8, 58 , リボルトバレット,牡,4,３歳以上,秋山稔樹,,ダ,1900,16,(美),伊藤伸一,美浦,
1220,中京,3,1勝,１勝ｸﾗｽ,5,9, 57 , ディニテ,牡,3,３歳以上,国分優作,,ダ,1900,16,(栗),辻野泰之,栗東,
1220,中京,3,1勝,１勝ｸﾗｽ,5,10, 57 , メリトーリアス,牡,3,３歳以上,小沢大仁,,ダ,1900,16,(栗),東田明士,栗東,
1220,中京,3,1勝,１勝ｸﾗｽ,6,11,55▲, ロストボール,セ,6,３歳以上,森田誠也,,ダ,1900,16,(美),加藤和宏,美浦,
1220,中京,3,1勝,１勝ｸﾗｽ,6,12, 57 ,*ワンカードフェロー,牡,3,３歳以上,菱田裕二,,ダ,1900,16,(美),嘉藤貴行,美浦,
1220,中京,3,1勝,１勝ｸﾗｽ,7,13, 57 , キュードス,牡,3,３歳以上,高杉吏麒,,ダ,1900,16,(栗),荒川義之,栗東,
1220,中京,3,1勝,１勝ｸﾗｽ,7,14,54▲, スコーピオンイメル,牡,3,３歳以上,古川奈穂,,ダ,1900,16,(栗),武英智,栗東,B
1220,中京,3,1勝,１勝ｸﾗｽ,8,15,56△, ハイグッドワールド,牡,4,３歳以上,柴田裕一,,ダ,1900,16,(栗),谷潔,栗東,
1220,中京,3,1勝,１勝ｸﾗｽ,8,16,56☆, コズミックダンサー,牡,3,３歳以上,松本大輝,,ダ,1900,16,(栗),藤原英昭,栗東,B
1220,中京,4,未勝利,未勝利・牝*,1,1,54☆, アンディムジーク,牝,2,２歳,西塚洸二,,芝,1600,16,(栗),渡辺薫彦,栗東,B
1220,中京,4,未勝利,未勝利・牝*,1,2, 55 , メイワメジェール,牝,2,２歳,吉田隼人,,芝,1600,16,(栗),茶木太樹,栗東,
1220,中京,4,未勝利,未勝利・牝*,2,3, 55 , オーロアルジェント,牝,2,２歳,小沢大仁,,芝,1600,16,(栗),高野友和,栗東,
1220,中京,4,未勝利,未勝利・牝*,2,4, 55 , ベルシュヴァル,牝,2,２歳,藤懸貴志,,芝,1600,16,(栗),中村直也,栗東,
1220,中京,4,未勝利,未勝利・牝*,3,5, 55 , ライトオブジアース,牝,2,２歳,高杉吏麒,,芝,1600,16,(栗),松永幹夫,栗東,B
1220,中京,4,未勝利,未勝利・牝*,3,6, 55 , モーブプリエール,牝,2,２歳,横山琉人,,芝,1600,16,(美),鈴木慎太,美浦,
1220,中京,4,未勝利,未勝利・牝*,4,7, 55 , シンデレラガール,牝,2,２歳,丸山元気,,芝,1600,16,(栗),西園翔太,栗東,
1220,中京,4,未勝利,未勝利・牝*,4,8,52▲, プレシャスフェザー,牝,2,２歳,石田拓郎,,芝,1600,16,(美),牧光二,美浦,
1220,中京,4,未勝利,未勝利・牝*,5,9,52▲, ワンダーアスク,牝,2,２歳,古川奈穂,,芝,1600,16,(栗),笹田和秀,栗東,
1220,中京,4,未勝利,未勝利・牝*,5,10,52▲, ルナフィオーレ,牝,2,２歳,小林美駒,,芝,1600,16,(栗),庄野靖志,栗東,
1220,中京,4,未勝利,未勝利・牝*,6,11,52▲, ゲキオコプンプン,牝,2,２歳,森田誠也,,芝,1600,16,(栗),今野貞一,栗東,
1220,中京,4,未勝利,未勝利・牝*,6,12, 55 , テイエムアイラン,牝,2,２歳,亀田温心,,芝,1600,16,(栗),宮地貴稔,栗東,
1220,中京,4,未勝利,未勝利・牝*,7,13,54☆, ラデアベンダータ,牝,2,２歳,松本大輝,,芝,1600,16,(栗),河嶋宏樹,栗東,
1220,中京,4,未勝利,未勝利・牝*,7,14, 55 , グッデイ,牝,2,２歳,秋山稔樹,,芝,1600,16,(栗),河嶋宏樹,栗東,
1220,中京,4,未勝利,未勝利・牝*,8,15, 55 , ツーエムボヌール,牝,2,２歳,城戸義政,,芝,1600,16,(栗),本田優,栗東,
1220,中京,4,未勝利,未勝利・牝*,8,16, 55 , タケウチビー,牝,2,２歳,長岡禎仁,,芝,1600,16,(美),深山雅史,美浦,
1220,中京,5,未勝利,未勝利*,1,1,53▲, シンショク,牡,2,２歳,小林美駒,,芝,2000,18,(美),尾形和幸,美浦,
1220,中京,5,未勝利,未勝利*,1,2, 56 , ミエノストロング,牡,2,２歳,鮫島克駿,,芝,2000,18,(美),上原佑紀,美浦,
1220,中京,5,未勝利,未勝利*,2,3,55☆, ベジョータ,牡,2,２歳,西塚洸二,,芝,2000,18,(栗),野中賢二,栗東,
1220,中京,5,未勝利,未勝利*,2,4,53▲, テイスティング,牡,2,２歳,古川奈穂,,芝,2000,18,(栗),矢作芳人,栗東,
1220,中京,5,未勝利,未勝利*,3,5, 56 , ブランニューホーム,牡,2,２歳,黛弘人,,芝,2000,18,(美),深山雅史,美浦,
1220,中京,5,未勝利,未勝利*,3,6, 56 , ウインターブレス,牡,2,２歳,高杉吏麒,,芝,2000,18,(美),竹内正洋,美浦,
1220,中京,5,未勝利,未勝利*,4,7, 56 , マイトビーウォン,牡,2,２歳,柴田大知,,芝,2000,18,(美),和田雄二,美浦,
1220,中京,5,未勝利,未勝利*,4,8,53▲, トリニタリオ,牡,2,２歳,森田誠也,,芝,2000,18,(美),勢司和浩,美浦,
1220,中京,5,未勝利,未勝利*,5,9, 56 , サイモンシャリオ,牡,2,２歳,吉田隼人,,芝,2000,18,(栗),梅田智之,栗東,
1220,中京,5,未勝利,未勝利*,5,10, 56 , ロードメルヴェイユ,牡,2,２歳,横山琉人,,芝,2000,18,(栗),長谷川浩,栗東,
1220,中京,5,未勝利,未勝利*,6,11, 56 , シュートザムーン,牡,2,２歳,鮫島良太,,芝,2000,18,(美),伊藤伸一,美浦,
1220,中京,5,未勝利,未勝利*,6,12, 56 , クラリティサウンド,牡,2,２歳,丸山元気,,芝,2000,18,(栗),中村直也,栗東,
1220,中京,5,未勝利,未勝利*,7,13,53▲,*セイントクーヤ,牡,2,２歳,石田拓郎,,芝,2000,18,(美),黒岩陽一,美浦,
1220,中京,5,未勝利,未勝利*,7,14, 55 , ソーシャルコード,牝,2,２歳,野中悠太,,芝,2000,18,(美),萱野浩二,美浦,
1220,中京,5,未勝利,未勝利*,7,15, 56 , ホウオウチャールズ,牡,2,２歳,丸田恭介,,芝,2000,18,(美),池上昌和,美浦,
1220,中京,5,未勝利,未勝利*,8,16, 56 , ハクアイノアール,牡,2,２歳,小沢大仁,,芝,2000,18,(栗),今野貞一,栗東,
1220,中京,5,未勝利,未勝利*,8,17, 56 , ポッドリプル,牡,2,２歳,菱田裕二,,芝,2000,18,(栗),辻野泰之,栗東,
1220,中京,5,未勝利,未勝利*,8,18,53△, ディーズベンチャー,牝,2,２歳,柴田裕一,,芝,2000,18,(栗),岡田稲男,栗東,
1220,中京,6,1勝,１勝ｸﾗｽ,1,1,53▲, ベリーベリーベリー,牝,5,３歳以上,小林美駒,,ダ,1800,16,(美),鈴木伸尋,美浦,
1220,中京,6,1勝,１勝ｸﾗｽ,1,2, 58 , エースアビリティ,牡,4,３歳以上,長岡禎仁,,ダ,1800,16,(美),堀内岳志,美浦,B
1220,中京,6,1勝,１勝ｸﾗｽ,2,3,54★, ウイングスオブラヴ,セ,6,３歳以上,河原田菜,,ダ,1800,16,(栗),笹田和秀,栗東,
1220,中京,6,1勝,１勝ｸﾗｽ,2,4, 57 , カーフキック,牡,3,３歳以上,武藤雅,,ダ,1800,16,(美),高橋文雅,美浦,
1220,中京,6,1勝,１勝ｸﾗｽ,3,5, 58 , メイショウオグマ,セ,6,３歳以上,国分恭介,,ダ,1800,16,(栗),安達昭夫,栗東,
1220,中京,6,1勝,１勝ｸﾗｽ,3,6,56☆, キタノサワヤカ,牡,3,３歳以上,松本大輝,,ダ,1800,16,(栗),吉田直弘,栗東,
1220,中京,6,1勝,１勝ｸﾗｽ,4,7, 57 , ダイシンラー,牡,3,３歳以上,鮫島克駿,,ダ,1800,16,(栗),梅田智之,栗東,
1220,中京,6,1勝,１勝ｸﾗｽ,4,8, 56 , ビップレーヌ,牝,4,３歳以上,菱田裕二,,ダ,1800,16,(美),高柳瑞樹,美浦,B
1220,中京,6,1勝,１勝ｸﾗｽ,5,9, 58 , タガノヘラクレス,牡,4,３歳以上,高杉吏麒,,ダ,1800,16,(栗),千田輝彦,栗東,
1220,中京,6,1勝,１勝ｸﾗｽ,5,10, 58 , ゴルデールスカー,牡,5,３歳以上,亀田温心,,ダ,1800,16,(栗),加藤公太,栗東,
1220,中京,6,1勝,１勝ｸﾗｽ,6,11, 58 , ブルーゴールド,牡,5,３歳以上,野中悠太,,ダ,1800,16,(美),根本康広,美浦,
1220,中京,6,1勝,１勝ｸﾗｽ,6,12, 55 , カスバートテソーロ,牝,3,３歳以上,吉田隼人,,ダ,1800,16,(美),畠山吉宏,美浦,
1220,中京,6,1勝,１勝ｸﾗｽ,7,13, 58 , ブリスフル,牡,4,３歳以上,丸田恭介,,ダ,1800,16,(美),武市康男,美浦,
1220,中京,6,1勝,１勝ｸﾗｽ,7,14,56△, ウヌボレヤサン,セ,4,３歳以上,柴田裕一,,ダ,1800,16,(美),本間忍,美浦,
1220,中京,6,1勝,１勝ｸﾗｽ,8,15, 57 , メイショウアゴナス,牡,3,３歳以上,藤懸貴志,,ダ,1800,16,(栗),本田優,栗東,B
1220,中京,6,1勝,１勝ｸﾗｽ,8,16,54▲, エンマ,牡,3,３歳以上,森田誠也,,ダ,1800,16,(栗),武英智,栗東,
1220,中京,7,1勝,１勝ｸﾗｽ,1,1,53★, コパノキュラソー,牡,3,３歳以上,河原田菜,,ダ,1400,16,(栗),宮徹,栗東,
1220,中京,7,1勝,１勝ｸﾗｽ,1,2, 57 , シュテルンビルト,牡,3,３歳以上,丸山元気,,ダ,1400,16,(栗),森田直行,栗東,
1220,中京,7,1勝,１勝ｸﾗｽ,2,3,56△, マテンロウミラクル,牡,4,３歳以上,柴田裕一,,ダ,1400,16,(栗),佐々木晶,栗東,
1220,中京,7,1勝,１勝ｸﾗｽ,2,4,54☆,$パヴィーア,牝,3,３歳以上,松本大輝,,ダ,1400,16,(栗),田中克典,栗東,
1220,中京,7,1勝,１勝ｸﾗｽ,3,5,57☆,$ザングウィル,牡,5,３歳以上,西塚洸二,,ダ,1400,16,(栗),佐藤悠太,栗東,
1220,中京,7,1勝,１勝ｸﾗｽ,3,6, 57 , ウォーターパラディ,牡,3,３歳以上,菱田裕二,,ダ,1400,16,(栗),岡田稲男,栗東,
1220,中京,7,1勝,１勝ｸﾗｽ,4,7, 58 , ゴンドワナ,セ,5,３歳以上,横山琉人,,ダ,1400,16,(美),小島茂之,美浦,
1220,中京,7,1勝,１勝ｸﾗｽ,4,8, 58 , ライングッドマン,牡,4,３歳以上,武藤雅,,ダ,1400,16,(美),武藤善則,美浦,B
1220,中京,7,1勝,１勝ｸﾗｽ,5,9,54▲, トリプルバレル,牡,3,３歳以上,川端海翼,,ダ,1400,16,(栗),藤野健太,栗東,
1220,中京,7,1勝,１勝ｸﾗｽ,5,10, 57 , ケイアイマウンガ,牡,3,３歳以上,藤懸貴志,,ダ,1400,16,(栗),宮本博,栗東,
1220,中京,7,1勝,１勝ｸﾗｽ,6,11, 57 , ペイドラロワール,牡,3,３歳以上,高杉吏麒,,ダ,1400,16,(栗),清水久詞,栗東,
1220,中京,7,1勝,１勝ｸﾗｽ,6,12, 57 ,$レーティッシュ,牡,3,３歳以上,吉田隼人,,ダ,1400,16,(栗),高橋一哉,栗東,
1220,中京,7,1勝,１勝ｸﾗｽ,7,13,53◇,$シルフズミスチーフ,牝,3,３歳以上,今村聖奈,,ダ,1400,16,(栗),池江泰寿,栗東,
1220,中京,7,1勝,１勝ｸﾗｽ,7,14, 57 , ダイタエリュシオン,牡,3,３歳以上,柴田大知,,ダ,1400,16,(美),土田稔,美浦,
1220,中京,7,1勝,１勝ｸﾗｽ,8,15, 57 , タケルハーロック,牡,3,３歳以上,鮫島克駿,,ダ,1400,16,(栗),高柳大輔,栗東,B
1220,中京,7,1勝,１勝ｸﾗｽ,8,16, 57 , テーオーミリカン,牡,3,３歳以上,秋山稔樹,,ダ,1400,16,(栗),宮徹,栗東,
1220,中京,8,1勝,ヤングジ･1勝,1,1, 56 , チャイボーグ,牝,5,３歳以上,高杉吏麒,,芝,2000,16,(美),的場均,美浦,
1220,中京,8,1勝,ヤングジ･1勝,1,2, 58 , タマモランプ,牡,4,３歳以上,佐野遥久,,芝,2000,16,(栗),池添学,栗東,
1220,中京,8,1勝,ヤングジ･1勝,2,3, 57 , コスモアチーブ,牡,3,３歳以上,山本大翔,,芝,2000,16,(美),相沢郁,美浦,
1220,中京,8,1勝,ヤングジ･1勝,2,4, 57 , バースライト,牡,3,３歳以上,松本一心,,芝,2000,16,(栗),武幸四郎,栗東,
1220,中京,8,1勝,ヤングジ･1勝,3,5, 56 , エイシンジェンマ,牝,5,３歳以上,大久保友,,芝,2000,16,(栗),中尾秀正,栗東,
1220,中京,8,1勝,ヤングジ･1勝,3,6, 58 , ミッキーストライク,牡,4,３歳以上,西塚洸二,,芝,2000,16,(栗),矢作芳人,栗東,
1220,中京,8,1勝,ヤングジ･1勝,4,7, 55 , テルケンユミクイン,牝,3,３歳以上,谷原柚希,,芝,2000,16,(美),田島俊明,美浦,
1220,中京,8,1勝,ヤングジ･1勝,4,8, 58 , マイネルレグルス,牡,4,３歳以上,横山琉人,,芝,2000,16,(美),矢嶋大樹,美浦,
1220,中京,8,1勝,ヤングジ･1勝,5,9, 57 , メイショウビストロ,牡,3,３歳以上,谷内貫太,,芝,2000,16,(栗),岡田稲男,栗東,
1220,中京,8,1勝,ヤングジ･1勝,5,10, 55 , アンビアンス,牝,3,３歳以上,土方颯太,,芝,2000,16,(栗),清水久詞,栗東,
1220,中京,8,1勝,ヤングジ･1勝,6,11, 58 , クラウドセイル,牡,5,３歳以上,佐藤翔馬,,芝,2000,16,(美),堀内岳志,美浦,
1220,中京,8,1勝,ヤングジ･1勝,6,12, 57 , アスクデッドヒート,牡,3,３歳以上,石田拓郎,,芝,2000,16,(栗),矢作芳人,栗東,
1220,中京,8,1勝,ヤングジ･1勝,7,13, 57 , マハートマーベル,牡,3,３歳以上,青海大樹,,芝,2000,16,(栗),西村真幸,栗東,B
1220,中京,8,1勝,ヤングジ･1勝,7,14, 57 , ヴィーデ,セ,3,３歳以上,塩津璃菜,,芝,2000,16,(美),戸田博文,美浦,B
1220,中京,8,1勝,ヤングジ･1勝,8,15, 58 , モアリジット,牡,4,３歳以上,古川奈穂,,芝,2000,16,(栗),西村真幸,栗東,B
1220,中京,8,1勝,ヤングジ･1勝,8,16, 58 , トラストエムシー,牡,5,３歳以上,神尾香澄,,芝,2000,16,(栗),北出成人,栗東,
1220,中京,9,ｵｰﾌﾟﾝ,クリスマ,1,1, 57 , タマモイカロス,牡,2,２歳,高杉吏麒,,芝,1200,9,(栗),藤岡健一,栗東,
1220,中京,9,ｵｰﾌﾟﾝ,クリスマ,2,2, 55 , シーグルロス,牝,2,２歳,小林美駒,,芝,1200,9,(美),尾形和幸,美浦,
1220,中京,9,ｵｰﾌﾟﾝ,クリスマ,3,3, 56 , ハッピーエンジェル,牝,2,２歳,中井裕二,,芝,1200,9,(美),武市康男,美浦,
1220,中京,9,ｵｰﾌﾟﾝ,クリスマ,4,4, 55 , コラルリーフ,牝,2,２歳,鮫島克駿,,芝,1200,9,(栗),佐藤悠太,栗東,
1220,中京,9,ｵｰﾌﾟﾝ,クリスマ,5,5, 56 , ミスターバッドガイ,牡,2,２歳,横山琉人,,芝,1200,9,(栗),中尾秀正,栗東,
1220,中京,9,ｵｰﾌﾟﾝ,クリスマ,6,6, 56 , ランドスター,牡,2,２歳,丸田恭介,,芝,1200,9,(美),柄崎将寿,美浦,
1220,中京,9,ｵｰﾌﾟﾝ,クリスマ,7,7, 55 , ノアールビーナス,牝,2,２歳,丸山元気,,芝,1200,9,(栗),杉山佳明,栗東,
1220,中京,9,ｵｰﾌﾟﾝ,クリスマ,8,8, 56 , フレンドモナコ,牡,2,２歳,秋山稔樹,,芝,1200,9,(美),南田美知,美浦,
1220,中京,9,ｵｰﾌﾟﾝ,クリスマ,8,9, 57 , フォーゲル,牡,2,２歳,亀田温心,,芝,1200,9,(栗),斉藤崇史,栗東,
1220,中京,10,2勝,ヤングジ･2勝,1,1, 57 , テーオーライマン,牡,3,３歳以上,谷原柚希,,ダ,1400,16,(栗),宮徹,栗東,
1220,中京,10,2勝,ヤングジ･2勝,1,2, 58 , マーシヴィガラス,牡,5,３歳以上,大久保友,,ダ,1400,16,(美),的場均,美浦,
1220,中京,10,2勝,ヤングジ･2勝,2,3, 58 , フィリップ,牡,4,３歳以上,横山琉人,,ダ,1400,16,(美),岩戸孝樹,美浦,B
1220,中京,10,2勝,ヤングジ･2勝,2,4, 56 , ルミッキ,牝,4,３歳以上,西塚洸二,,ダ,1400,16,(栗),橋口慎介,栗東,
1220,中京,10,2勝,ヤングジ･2勝,3,5, 58 , ミスエル,牡,4,３歳以上,谷内貫太,,ダ,1400,16,(美),菊沢隆徳,美浦,
1220,中京,10,2勝,ヤングジ･2勝,3,6, 56 , カンザシ,牝,6,３歳以上,山本大翔,,ダ,1400,16,(美),国枝栄,美浦,
1220,中京,10,2勝,ヤングジ･2勝,4,7, 58 , トルーマンテソーロ,牡,6,３歳以上,塩津璃菜,,ダ,1400,16,(美),菊川正達,美浦,
1220,中京,10,2勝,ヤングジ･2勝,4,8, 58 , メモリーグラス,牡,5,３歳以上,佐藤翔馬,,ダ,1400,16,(美),松永康利,美浦,
1220,中京,10,2勝,ヤングジ･2勝,5,9, 58 , ロードオルデン,牡,6,３歳以上,石田拓郎,,ダ,1400,16,(栗),辻野泰之,栗東,
1220,中京,10,2勝,ヤングジ･2勝,5,10, 58 , カツラノキサノキ,牡,4,３歳以上,佐野遥久,,ダ,1400,16,(栗),庄野靖志,栗東,
1220,中京,10,2勝,ヤングジ･2勝,6,11, 58 , キングクー,牡,6,３歳以上,土方颯太,,ダ,1400,16,(美),根本康広,美浦,
1220,中京,10,2勝,ヤングジ･2勝,6,12, 56 , ゼットカレン,牝,5,３歳以上,青海大樹,,ダ,1400,16,(栗),宮徹,栗東,
1220,中京,10,2勝,ヤングジ･2勝,7,13, 56 , クリノオリーブ,牝,4,３歳以上,高杉吏麒,,ダ,1400,16,(栗),谷潔,栗東,
1220,中京,10,2勝,ヤングジ･2勝,7,14, 58 , アイファーバトル,牡,4,３歳以上,古川奈穂,,ダ,1400,16,(美),根本康広,美浦,
1220,中京,10,2勝,ヤングジ･2勝,8,15, 58 , フォーワンセルフ,牡,6,３歳以上,松本一心,,ダ,1400,16,(美),小手川準,美浦,B
1220,中京,10,2勝,ヤングジ･2勝,8,16, 58 , トロピカルヒーロー,牡,5,３歳以上,神尾香澄,,ダ,1400,16,(美),根本康広,美浦,
1220,中京,11,3勝,尾頭橋Ｓ･3勝,1,1, 56 , トウカイポワール,牝,4,３歳以上,亀田温心,,ダ,1800,11,(栗),北出成人,栗東,
1220,中京,11,3勝,尾頭橋Ｓ･3勝,2,2, 58 , パカーラン,牡,4,３歳以上,西塚洸二,,ダ,1800,11,(栗),藤原英昭,栗東,
1220,中京,11,3勝,尾頭橋Ｓ･3勝,3,3, 58 , メイプルタピット,牡,4,３歳以上,丸田恭介,,ダ,1800,11,(美),南田美知,美浦,
1220,中京,11,3勝,尾頭橋Ｓ･3勝,4,4, 58 , グラヴィス,牡,4,３歳以上,横山琉人,,ダ,1800,11,(栗),矢作芳人,栗東,
1220,中京,11,3勝,尾頭橋Ｓ･3勝,5,5, 58 , ビップスコーピオン,牡,5,３歳以上,藤懸貴志,,ダ,1800,11,(美),田島俊明,美浦,
1220,中京,11,3勝,尾頭橋Ｓ･3勝,6,6, 57 , メイショウズイウン,牡,3,３歳以上,松本大輝,,ダ,1800,11,(栗),本田優,栗東,
1220,中京,11,3勝,尾頭橋Ｓ･3勝,6,7, 58 , アルゴナヴィス,牡,4,３歳以上,高杉吏麒,,ダ,1800,11,(栗),池江泰寿,栗東,
1220,中京,11,3勝,尾頭橋Ｓ･3勝,7,8, 58 , ペンナヴェローチェ,牡,4,３歳以上,丸山元気,,ダ,1800,11,(栗),須貝尚介,栗東,
1220,中京,11,3勝,尾頭橋Ｓ･3勝,7,9, 58 , フルオール,牡,6,３歳以上,鮫島克駿,,ダ,1800,11,(美),斎藤誠,美浦,B
1220,中京,11,3勝,尾頭橋Ｓ･3勝,8,10, 56 , ピクシレーション,牝,5,３歳以上,小沢大仁,,ダ,1800,11,(美),菊沢隆徳,美浦,
1220,中京,11,3勝,尾頭橋Ｓ･3勝,8,11, 58 , タイセイレスポンス,セ,4,３歳以上,菱田裕二,,ダ,1800,11,(栗),安田翔伍,栗東,
1220,中京,12,1勝,１勝ｸﾗｽ,1,1,56☆, マキシマムドライブ,牡,3,３歳以上,西塚洸二,,芝,1400,18,(美),尾関知人,美浦,
1220,中京,12,1勝,１勝ｸﾗｽ,1,2, 58 , メイショウサチダケ,牡,4,３歳以上,藤懸貴志,,芝,1400,18,(栗),鈴木孝志,栗東,
1220,中京,12,1勝,１勝ｸﾗｽ,2,3,54▲, スピリットライズ,セ,3,３歳以上,石田拓郎,,芝,1400,18,(栗),高柳大輔,栗東,
1220,中京,12,1勝,１勝ｸﾗｽ,2,4, 55 , パリコレジェンヌ,牝,3,３歳以上,丸田恭介,,芝,1400,18,(栗),鈴木孝志,栗東,
1220,中京,12,1勝,１勝ｸﾗｽ,3,5,53▲, スプリングデイ,牝,4,３歳以上,古川奈穂,,芝,1400,18,(美),伊藤大士,美浦,B
1220,中京,12,1勝,１勝ｸﾗｽ,3,6, 57 , ガンマジーティーピ,牡,3,３歳以上,丸山元気,,芝,1400,18,(栗),渡辺薫彦,栗東,
1220,中京,12,1勝,１勝ｸﾗｽ,4,7, 55 , キトンインザスカイ,牝,3,３歳以上,吉田隼人,,芝,1400,18,(栗),高野友和,栗東,
1220,中京,12,1勝,１勝ｸﾗｽ,4,8, 55 , ノボリリア,牝,3,３歳以上,高杉吏麒,,芝,1400,18,(栗),石橋守,栗東,
1220,中京,12,1勝,１勝ｸﾗｽ,5,9,52★, ツッチーフェイス,牝,6,３歳以上,河原田菜,,芝,1400,18,(栗),今野貞一,栗東,
1220,中京,12,1勝,１勝ｸﾗｽ,5,10, 57 , エイヘンハールト,牡,3,３歳以上,菱田裕二,,芝,1400,18,(栗),高野友和,栗東,B
1220,中京,12,1勝,１勝ｸﾗｽ,6,11, 57 , ウィンストン,牡,3,３歳以上,小沢大仁,,芝,1400,18,(栗),杉山晴紀,栗東,
1220,中京,12,1勝,１勝ｸﾗｽ,6,12,55▲, レッドロスタム,牡,5,３歳以上,小林美駒,,芝,1400,18,(美),国枝栄,美浦,
1220,中京,12,1勝,１勝ｸﾗｽ,7,13, 55 , ルパヴィヨン,牝,3,３歳以上,横山琉人,,芝,1400,18,(美),小手川準,美浦,
1220,中京,12,1勝,１勝ｸﾗｽ,7,14,53▲, ラヴスコール,牝,4,３歳以上,大久保友,,芝,1400,18,(美),加藤征弘,美浦,
1220,中京,12,1勝,１勝ｸﾗｽ,7,15, 55 , サンタアニタ,牝,3,３歳以上,鮫島克駿,,芝,1400,18,(美),斎藤誠,美浦,
1220,中京,12,1勝,１勝ｸﾗｽ,8,16, 58 , トーマステソーロ,牡,4,３歳以上,長岡禎仁,,芝,1400,18,(栗),昆貢,栗東,B
1220,中京,12,1勝,１勝ｸﾗｽ,8,17, 55 , コムーネ,牝,3,３歳以上,野中悠太,,芝,1400,18,(美),奥平雅士,美浦,
1220,中京,12,1勝,１勝ｸﾗｽ,8,18,53▲, インペリアルコート,牝,5,３歳以上,森田誠也,,芝,1400,18,(栗),畑端省吾,栗東,B
1220,阪神,1,未勝利,未勝利*,1,1, 56 , スティーブ,牡,2,２歳,吉村誠之,,ダ,1400,16,(栗),高橋亮,栗東,
1220,阪神,1,未勝利,未勝利*,1,2, 56 , アストラリオン,牡,2,２歳,ジェルー,,ダ,1400,16,(栗),寺島良,栗東,
1220,阪神,1,未勝利,未勝利*,2,3, 55 , メイショウナナユキ,牝,2,２歳,泉谷楓真,,ダ,1400,16,(栗),牧浦充徳,栗東,
1220,阪神,1,未勝利,未勝利*,2,4, 56 , ゴッドシュアウイン,牡,2,２歳,酒井学,,ダ,1400,16,(栗),飯田祐史,栗東,
1220,阪神,1,未勝利,未勝利*,3,5, 56 , ゴールデンバランス,牡,2,２歳,松山弘平,,ダ,1400,16,(栗),杉山晴紀,栗東,B
1220,阪神,1,未勝利,未勝利*,3,6, 55 , ジュディーイメル,牝,2,２歳,藤岡佑介,,ダ,1400,16,(栗),武英智,栗東,
1220,阪神,1,未勝利,未勝利*,4,7,52▲, レザーアンドレース,牝,2,２歳,和田陽希,,ダ,1400,16,(栗),平田修,栗東,
1220,阪神,1,未勝利,未勝利*,4,8,53△, ピーチアバランチェ,牝,2,２歳,鷲頭虎太,,ダ,1400,16,(栗),宮地貴稔,栗東,
1220,阪神,1,未勝利,未勝利*,5,9, 55 , フェスティヴドレス,牝,2,２歳,岩田望来,,ダ,1400,16,(栗),岡田稲男,栗東,
1220,阪神,1,未勝利,未勝利*,5,10, 56 , レインボーステート,牡,2,２歳,Ｃ．デム,,ダ,1400,16,(栗),茶木太樹,栗東,B
1220,阪神,1,未勝利,未勝利*,6,11, 56 , タイガーロード,牡,2,２歳,田口貫太,,ダ,1400,16,(栗),大橋勇樹,栗東,
1220,阪神,1,未勝利,未勝利*,6,12, 55 , クリコメリー,牝,2,２歳,川又賢治,,ダ,1400,16,(栗),谷潔,栗東,
1220,阪神,1,未勝利,未勝利*,7,13,53▲, ブリオーニ,牡,2,２歳,橋木太希,,ダ,1400,16,(栗),牧田和弥,栗東,
1220,阪神,1,未勝利,未勝利*,7,14, 56 , タイセイグローバル,牡,2,２歳,団野大成,,ダ,1400,16,(栗),小林真也,栗東,
1220,阪神,1,未勝利,未勝利*,8,15, 55 , ストラーダ,牝,2,２歳,坂井瑠星,,ダ,1400,16,(栗),安田翔伍,栗東,
1220,阪神,1,未勝利,未勝利*,8,16, 56 , モズプリフォール,牡,2,２歳,北村友一,,ダ,1400,16,(栗),矢作芳人,栗東,
1220,阪神,2,未勝利,未勝利*,1,1, 56 , ヨッシーリオ,牡,2,２歳,ジェルー,,芝,2000,16,(栗),北出成人,栗東,
1220,阪神,2,未勝利,未勝利*,1,2,53▲, レヴロード,牡,2,２歳,田山旺佑,,芝,2000,16,(栗),畑端省吾,栗東,
1220,阪神,2,未勝利,未勝利*,2,3, 56 , ダノンオブアイデア,牡,2,２歳,北村友一,,芝,2000,16,(栗),藤原英昭,栗東,
1220,阪神,2,未勝利,未勝利*,2,4, 56 , ミカレオス,牡,2,２歳,荻野琢真,,芝,2000,16,(栗),河嶋宏樹,栗東,B
1220,阪神,2,未勝利,未勝利*,3,5, 56 , ショウナンアンバー,牡,2,２歳,吉村誠之,,芝,2000,16,(栗),清水久詞,栗東,
1220,阪神,2,未勝利,未勝利*,3,6, 56 , アスクチャンスマン,牡,2,２歳,古川吉洋,,芝,2000,16,(栗),梅田智之,栗東,
1220,阪神,2,未勝利,未勝利*,4,7, 56 , カパルア,牡,2,２歳,太宰啓介,,芝,2000,16,(栗),松永幹夫,栗東,
1220,阪神,2,未勝利,未勝利*,4,8, 56 , バステール,牡,2,２歳,Ｃ．デム,,芝,2000,16,(栗),斉藤崇史,栗東,
1220,阪神,2,未勝利,未勝利*,5,9, 56 , アラムシャピラス,牡,2,２歳,川田将雅,,芝,2000,16,(栗),池江泰寿,栗東,
1220,阪神,2,未勝利,未勝利*,5,10, 56 , リン,牡,2,２歳,松山弘平,,芝,2000,16,(栗),四位洋文,栗東,
1220,阪神,2,未勝利,未勝利*,6,11, 56 , ジーモンスター,牡,2,２歳,和田竜二,,芝,2000,16,(栗),佐藤悠太,栗東,
1220,阪神,2,未勝利,未勝利*,6,12,52▲, サイレントワルツ,牝,2,２歳,和田陽希,,芝,2000,16,(栗),小椋研介,栗東,
1220,阪神,2,未勝利,未勝利*,7,13, 56 , アスピラシオン,牡,2,２歳,岩田康誠,,芝,2000,16,(栗),上村洋行,栗東,
1220,阪神,2,未勝利,未勝利*,7,14, 56 , ファイヤーナイフ,牡,2,２歳,岩田望来,,芝,2000,16,(栗),中村直也,栗東,
1220,阪神,2,未勝利,未勝利*,8,15, 56 , カフジエメンタール,牡,2,２歳,坂井瑠星,,芝,2000,16,(栗),矢作芳人,栗東,
1220,阪神,2,未勝利,未勝利*,8,16, 56 , テイクザスローン,牡,2,２歳,田口貫太,,芝,2000,16,(栗),武英智,栗東,
1220,阪神,3,未勝利,未勝利*,1,1,52▲, トンガリボウシ,牝,2,２歳,水沼元輝,,芝,1600,18,(美),加藤和宏,美浦,
1220,阪神,3,未勝利,未勝利*,1,2, 56 , リアンマヒナ,牡,2,２歳,田口貫太,,芝,1600,18,(栗),高橋一哉,栗東,
1220,阪神,3,未勝利,未勝利*,2,3, 55 , ハヤブササキチャン,牝,2,２歳,Ｃ．デム,,芝,1600,18,(栗),東田明士,栗東,
1220,阪神,3,未勝利,未勝利*,2,4,53△, ビロングトゥミー,牝,2,２歳,鷲頭虎太,,芝,1600,18,(栗),前川恭子,栗東,
1220,阪神,3,未勝利,未勝利*,3,5, 56 ,*サトノセプター,牡,2,２歳,岩田望来,,芝,1600,18,(栗),上村洋行,栗東,
1220,阪神,3,未勝利,未勝利*,3,6, 56 , アスクブームキセキ,牡,2,２歳,吉村誠之,,芝,1600,18,(栗),藤原英昭,栗東,
1220,阪神,3,未勝利,未勝利*,4,7,53▲,*アメジストロード,牡,2,２歳,田山旺佑,,芝,1600,18,(栗),新谷功一,栗東,
1220,阪神,3,未勝利,未勝利*,4,8, 56 , クリムゾンバースト,牡,2,２歳,坂井瑠星,,芝,1600,18,(栗),長谷川浩,栗東,
1220,阪神,3,未勝利,未勝利*,5,9, 56 , マイネルディザイア,牡,2,２歳,和田竜二,,芝,1600,18,(栗),西園正都,栗東,
1220,阪神,3,未勝利,未勝利*,5,10, 56 , ペントハウス,セ,2,２歳,池添謙一,,芝,1600,18,(栗),福永祐一,栗東,
1220,阪神,3,未勝利,未勝利*,6,11, 56 , グレイイメル,牡,2,２歳,古川吉洋,,芝,1600,18,(栗),武英智,栗東,
1220,阪神,3,未勝利,未勝利*,6,12, 55 , フラクタル,牝,2,２歳,酒井学,,芝,1600,18,(美),牧光二,美浦,
1220,阪神,3,未勝利,未勝利*,7,13, 55 , シャンペトルブーケ,牝,2,２歳,北村友一,,芝,1600,18,(栗),高橋一哉,栗東,
1220,阪神,3,未勝利,未勝利*,7,14, 55 , リアライズルミナス,牝,2,２歳,松山弘平,,芝,1600,18,(栗),橋口慎介,栗東,
1220,阪神,3,未勝利,未勝利*,7,15,52▲, アスコットダンス,牝,2,２歳,橋木太希,,芝,1600,18,(栗),高橋康之,栗東,
1220,阪神,3,未勝利,未勝利*,8,16, 56 , メイショウテンク,牡,2,２歳,団野大成,,芝,1600,18,(栗),荒川義之,栗東,
1220,阪神,3,未勝利,未勝利*,8,17, 55 , キミノナハオリョウ,牝,2,２歳,ジェルー,,芝,1600,18,(栗),千田輝彦,栗東,
1220,阪神,3,未勝利,未勝利*,8,18,52▲, フライングスカイ,牝,2,２歳,和田陽希,,芝,1600,18,(栗),小栗実,栗東,
1220,阪神,4,ｵｰﾌﾟﾝ,障害・オープ,1,1, 60 ,$アメリカンピース,セ,7,３歳以上,小坂忠士,,ダ,3110,14,(栗),東田明士,栗東,
1220,阪神,4,ｵｰﾌﾟﾝ,障害・オープ,2,2, 60 , キングサーガ,セ,8,３歳以上,小野寺祐,,ダ,3110,14,(栗),小栗実,栗東,
1220,阪神,4,ｵｰﾌﾟﾝ,障害・オープ,3,3,59▲, ジオフロント,牡,7,３歳以上,鷲頭虎太,,ダ,3110,14,(栗),清水久詞,栗東,
1220,阪神,4,ｵｰﾌﾟﾝ,障害・オープ,3,4, 60 , ヴラディア,牡,6,３歳以上,石神深一,,ダ,3110,14,(美),小西一男,美浦,
1220,阪神,4,ｵｰﾌﾟﾝ,障害・オープ,4,5, 60 , テイエムマジック,牡,7,３歳以上,難波剛健,,ダ,3110,14,(栗),鈴木孝志,栗東,B
1220,阪神,4,ｵｰﾌﾟﾝ,障害・オープ,4,6, 60 , ゲインサポート,セ,4,３歳以上,森一馬,,ダ,3110,14,(栗),斉藤崇史,栗東,B
1220,阪神,4,ｵｰﾌﾟﾝ,障害・オープ,5,7, 60 , シャンドゥレール,セ,5,３歳以上,五十嵐雄,,ダ,3110,14,(美),国枝栄,美浦,
1220,阪神,4,ｵｰﾌﾟﾝ,障害・オープ,5,8,57▲, スピアヘッド,牡,6,３歳以上,坂口智康,,ダ,3110,14,(美),菊川正達,美浦,
1220,阪神,4,ｵｰﾌﾟﾝ,障害・オープ,6,9, 62 , ブリエヴェール,牡,7,３歳以上,金子光希,,ダ,3110,14,(美),小笠倫弘,美浦,
1220,阪神,4,ｵｰﾌﾟﾝ,障害・オープ,6,10, 58 , ポリトナリティー,牝,4,３歳以上,江田勇亮,,ダ,3110,14,(美),和田雄二,美浦,
1220,阪神,4,ｵｰﾌﾟﾝ,障害・オープ,7,11, 60 , ウィズユアドリーム,牡,5,３歳以上,高田潤,,ダ,3110,14,(栗),宮地貴稔,栗東,
1220,阪神,4,ｵｰﾌﾟﾝ,障害・オープ,7,12, 60 , ウイングランブルー,牡,5,３歳以上,大江原圭,,ダ,3110,14,(美),深山雅史,美浦,
1220,阪神,4,ｵｰﾌﾟﾝ,障害・オープ,8,13, 60 , ルドヴィクス,牡,7,３歳以上,上野翔,,ダ,3110,14,(美),久保田貴,美浦,
1220,阪神,4,ｵｰﾌﾟﾝ,障害・オープ,8,14, 58 , ニシノパプルブリリ,牝,5,３歳以上,伴啓太,,ダ,3110,14,(美),加藤和宏,美浦,B
1220,阪神,5,新馬,新馬・牝,1,1, 55 , クリーンブーケ,牝,2,２歳,太宰啓介,,芝,1600,18,(栗),荒川義之,栗東,
1220,阪神,5,新馬,新馬・牝,1,2, 55 , ハンターワディー,牝,2,２歳,藤岡佑介,,芝,1600,18,(栗),野中賢二,栗東,
1220,阪神,5,新馬,新馬・牝,2,3, 55 , リリーボレア,牝,2,２歳,泉谷楓真,,芝,1600,18,(栗),高橋一哉,栗東,
1220,阪神,5,新馬,新馬・牝,2,4, 55 , コールラヴ,牝,2,２歳,武豊,,芝,1600,18,(栗),友道康夫,栗東,
1220,阪神,5,新馬,新馬・牝,3,5,52▲, レディアグレッサー,牝,2,２歳,田山旺佑,,芝,1600,18,(栗),新谷功一,栗東,
1220,阪神,5,新馬,新馬・牝,3,6, 55 , ヴェルサイユローズ,牝,2,２歳,和田竜二,,芝,1600,18,(栗),大久保龍,栗東,
1220,阪神,5,新馬,新馬・牝,4,7,52▲, デュードロップ,牝,2,２歳,和田陽希,,芝,1600,18,(栗),平田修,栗東,
1220,阪神,5,新馬,新馬・牝,4,8, 55 , ワダツミ,牝,2,２歳,川又賢治,,芝,1600,18,(栗),笹田和秀,栗東,
1220,阪神,5,新馬,新馬・牝,5,9, 55 , グレンセロース,牝,2,２歳,池添謙一,,芝,1600,18,(栗),池添学,栗東,
1220,阪神,5,新馬,新馬・牝,5,10, 55 , メイショウシュハリ,牝,2,２歳,加藤祥太,,芝,1600,18,(栗),庄野靖志,栗東,
1220,阪神,5,新馬,新馬・牝,6,11, 55 , ザムーン,牝,2,２歳,岩田望来,,芝,1600,18,(栗),千田輝彦,栗東,
1220,阪神,5,新馬,新馬・牝,6,12, 55 , マスカットオマーン,牝,2,２歳,松山弘平,,芝,1600,18,(栗),牧浦充徳,栗東,
1220,阪神,5,新馬,新馬・牝,7,13, 55 , アグレイビューティ,牝,2,２歳,岩田康誠,,芝,1600,18,(栗),上村洋行,栗東,
1220,阪神,5,新馬,新馬・牝,7,14, 55 , フィエスタ,牝,2,２歳,団野大成,,芝,1600,18,(栗),西村真幸,栗東,
1220,阪神,5,新馬,新馬・牝,7,15, 55 , ペイシャシス,牝,2,２歳,酒井学,,芝,1600,18,(栗),加藤公太,栗東,
1220,阪神,5,新馬,新馬・牝,8,16, 55 , スピナーリート,牝,2,２歳,ジェルー,,芝,1600,18,(栗),須貝尚介,栗東,
1220,阪神,5,新馬,新馬・牝,8,17, 55 , ピカキウイ,牝,2,２歳,Ｃ．デム,,芝,1600,18,(栗),杉山晴紀,栗東,
1220,阪神,5,新馬,新馬・牝,8,18, 55 , ゴーイングムーン,牝,2,２歳,田口貫太,,芝,1600,18,(栗),千田輝彦,栗東,
1220,阪神,6,新馬,新馬,1,1, 55 , メイショウコマチ,牝,2,２歳,太宰啓介,,ダ,1800,16,(栗),千田輝彦,栗東,
1220,阪神,6,新馬,新馬,1,2, 56 , テスタヴェローチェ,牡,2,２歳,酒井学,,ダ,1800,16,(栗),須貝尚介,栗東,
1220,阪神,6,新馬,新馬,2,3, 56 ,*サンセバ,牡,2,２歳,武豊,,ダ,1800,16,(栗),吉岡辰弥,栗東,
1220,阪神,6,新馬,新馬,2,4,53▲, リバーソニック,牡,2,２歳,田山旺佑,,ダ,1800,16,(栗),浜田多実,栗東,
1220,阪神,6,新馬,新馬,3,5, 56 , マオノムサシ,牡,2,２歳,荻野琢真,,ダ,1800,16,(栗),加藤公太,栗東,
1220,阪神,6,新馬,新馬,3,6, 56 , グレイトソン,牡,2,２歳,松岡正海,,ダ,1800,16,(栗),鈴木孝志,栗東,
1220,阪神,6,新馬,新馬,4,7, 55 , アークブリッツ,牝,2,２歳,和田竜二,,ダ,1800,16,(栗),平田修,栗東,
1220,阪神,6,新馬,新馬,4,8, 56 , ゼットドリーム,牡,2,２歳,岩田望来,,ダ,1800,16,(栗),吉田直弘,栗東,
1220,阪神,6,新馬,新馬,5,9, 55 , アライブテーラー,牝,2,２歳,坂井瑠星,,ダ,1800,16,(栗),緒方努,栗東,
1220,阪神,6,新馬,新馬,5,10, 56 , アビル,牡,2,２歳,Ｃ．デム,,ダ,1800,16,(栗),高橋一哉,栗東,
1220,阪神,6,新馬,新馬,6,11, 55 , ノヴァキュライト,牝,2,２歳,北村友一,,ダ,1800,16,(栗),高橋義忠,栗東,B
1220,阪神,6,新馬,新馬,6,12, 56 , コスモローマ,牡,2,２歳,団野大成,,ダ,1800,16,(栗),東田明士,栗東,B
1220,阪神,6,新馬,新馬,7,13, 56 , ミスターエメラルド,牡,2,２歳,田口貫太,,ダ,1800,16,(栗),中村直也,栗東,
1220,阪神,6,新馬,新馬,7,14, 56 , サマーナジュム,牡,2,２歳,吉村誠之,,ダ,1800,16,(栗),角田晃一,栗東,
1220,阪神,6,新馬,新馬,8,15, 56 , テーオーベンバトル,牡,2,２歳,岩田康誠,,ダ,1800,16,(栗),上村洋行,栗東,
1220,阪神,6,新馬,新馬,8,16,53▲, ヴェインズマン,牡,2,２歳,和田陽希,,ダ,1800,16,(栗),中村直也,栗東,
1220,阪神,7,1勝,１勝ｸﾗｽ,1,1, 57 , マンオブザマッチ,牡,3,３歳以上,川田将雅,,ダ,1800,16,(栗),高橋義忠,栗東,
1220,阪神,7,1勝,１勝ｸﾗｽ,1,2, 55 ,$ソングコレクター,牝,3,３歳以上,加藤祥太,,ダ,1800,16,(栗),小林真也,栗東,
1220,阪神,7,1勝,１勝ｸﾗｽ,2,3, 57 , リアルフォルゴーレ,牡,3,３歳以上,田口貫太,,ダ,1800,16,(栗),大橋勇樹,栗東,
1220,阪神,7,1勝,１勝ｸﾗｽ,2,4, 57 , エイユーファイヤー,牡,3,３歳以上,松山弘平,,ダ,1800,16,(栗),森田直行,栗東,B
1220,阪神,7,1勝,１勝ｸﾗｽ,3,5, 58 ,$アークドール,牡,4,３歳以上,武豊,,ダ,1800,16,(栗),松永幹夫,栗東,
1220,阪神,7,1勝,１勝ｸﾗｽ,3,6, 57 , サイモンシュバリエ,牡,3,３歳以上,岩田康誠,,ダ,1800,16,(栗),梅田智之,栗東,
1220,阪神,7,1勝,１勝ｸﾗｽ,4,7, 57 , レーンアジリティ,牡,3,３歳以上,和田竜二,,ダ,1800,16,(栗),中尾秀正,栗東,
1220,阪神,7,1勝,１勝ｸﾗｽ,4,8, 58 , キングピン,牡,4,３歳以上,岩田望来,,ダ,1800,16,(栗),四位洋文,栗東,
1220,阪神,7,1勝,１勝ｸﾗｽ,5,9, 57 , スピントロニクス,牡,3,３歳以上,団野大成,,ダ,1800,16,(栗),池江泰寿,栗東,
1220,阪神,7,1勝,１勝ｸﾗｽ,5,10, 57 , シュネーグロッケン,牡,3,３歳以上,吉村誠之,,ダ,1800,16,(栗),清水久詞,栗東,B
1220,阪神,7,1勝,１勝ｸﾗｽ,6,11, 56 ,$ガーデンカメリア,牝,4,３歳以上,ジェルー,,ダ,1800,16,(栗),佐藤悠太,栗東,
1220,阪神,7,1勝,１勝ｸﾗｽ,6,12, 57 , インターアーバン,牡,3,３歳以上,川又賢治,,ダ,1800,16,(栗),野中賢二,栗東,
1220,阪神,7,1勝,１勝ｸﾗｽ,7,13,53▲, メラヴィリオーザ,牝,5,３歳以上,田山旺佑,,ダ,1800,16,(栗),秋山真一,栗東,
1220,阪神,7,1勝,１勝ｸﾗｽ,7,14, 57 , アカデミア,牡,3,３歳以上,坂井瑠星,,ダ,1800,16,(栗),杉山晴紀,栗東,
1220,阪神,7,1勝,１勝ｸﾗｽ,8,15, 57 , マーウォルス,牡,3,３歳以上,Ｃ．デム,,ダ,1800,16,(栗),茶木太樹,栗東,
1220,阪神,7,1勝,１勝ｸﾗｽ,8,16, 57 , オメガドライヴ,セ,3,３歳以上,藤岡佑介,,ダ,1800,16,(栗),安田翔伍,栗東,B
1220,阪神,8,1勝,１勝ｸﾗｽ,1,1, 55 , メイショウタマユラ,牝,3,３歳以上,田口貫太,,ダ,1200,13,(栗),大橋勇樹,栗東,
1220,阪神,8,1勝,１勝ｸﾗｽ,2,2,54▲, サンライズジュピタ,牡,3,３歳以上,田山旺佑,,ダ,1200,13,(栗),石坂公一,栗東,
1220,阪神,8,1勝,１勝ｸﾗｽ,3,3, 57 , メイショウゴールド,牡,3,３歳以上,団野大成,,ダ,1200,13,(栗),荒川義之,栗東,
1220,阪神,8,1勝,１勝ｸﾗｽ,4,4, 56 , レイム,牝,4,３歳以上,ジェルー,,ダ,1200,13,(栗),高橋康之,栗東,
1220,阪神,8,1勝,１勝ｸﾗｽ,4,5, 56 , キープライジング,牝,4,３歳以上,岩田康誠,,ダ,1200,13,(栗),吉田直弘,栗東,
1220,阪神,8,1勝,１勝ｸﾗｽ,5,6, 58 , ナンヨークリスタル,セ,5,３歳以上,泉谷楓真,,ダ,1200,13,(栗),松永幹夫,栗東,
1220,阪神,8,1勝,１勝ｸﾗｽ,5,7, 57 , セディバン,牡,3,３歳以上,池添謙一,,ダ,1200,13,(栗),吉田直弘,栗東,
1220,阪神,8,1勝,１勝ｸﾗｽ,6,8, 57 , イマージョン,牡,3,３歳以上,Ｃ．デム,,ダ,1200,13,(栗),高野友和,栗東,
1220,阪神,8,1勝,１勝ｸﾗｽ,6,9, 56 , ララバッカナール,牝,4,３歳以上,川田将雅,,ダ,1200,13,(栗),佐藤悠太,栗東,
1220,阪神,8,1勝,１勝ｸﾗｽ,7,10, 57 , タイセイアビリティ,牡,3,３歳以上,岩田望来,,ダ,1200,13,(栗),小林真也,栗東,B
1220,阪神,8,1勝,１勝ｸﾗｽ,7,11, 57 , マーブルヘイロー,牡,3,３歳以上,酒井学,,ダ,1200,13,(栗),西園正都,栗東,
1220,阪神,8,1勝,１勝ｸﾗｽ,8,12,53▲, ミルミナーヴァ,牝,4,３歳以上,和田陽希,,ダ,1200,13,(栗),西園正都,栗東,
1220,阪神,8,1勝,１勝ｸﾗｽ,8,13, 55 , メイショウドライブ,牝,3,３歳以上,松山弘平,,ダ,1200,13,(栗),鈴木孝志,栗東,
1220,阪神,9,ｵｰﾌﾟﾝ,ポインセ,1,1, 56 , ソラーロ,牡,2,２歳,吉村誠之,,ダ,1800,10,(栗),加藤公太,栗東,
1220,阪神,9,ｵｰﾌﾟﾝ,ポインセ,2,2, 56 , テイエムサンレーヴ,牡,2,２歳,団野大成,,ダ,1800,10,(栗),河嶋宏樹,栗東,
1220,阪神,9,ｵｰﾌﾟﾝ,ポインセ,3,3, 56 , シーズザスローン,牡,2,２歳,武豊,,ダ,1800,10,(栗),松永幹夫,栗東,
1220,阪神,9,ｵｰﾌﾟﾝ,ポインセ,4,4, 56 , ケンタッキーホーム,牡,2,２歳,坂井瑠星,,ダ,1800,10,(栗),松下武士,栗東,
1220,阪神,9,ｵｰﾌﾟﾝ,ポインセ,5,5, 56 , ジャスティンルマン,牡,2,２歳,Ｃ．デム,,ダ,1800,10,(栗),杉山晴紀,栗東,
1220,阪神,9,ｵｰﾌﾟﾝ,ポインセ,6,6, 56 ,$ウェイニースー,牡,2,２歳,川田将雅,,ダ,1800,10,(栗),中内田充,栗東,
1220,阪神,9,ｵｰﾌﾟﾝ,ポインセ,7,7, 55 , ジュウリョクピエロ,牝,2,２歳,岩田望来,,ダ,1800,10,(栗),寺島良,栗東,
1220,阪神,9,ｵｰﾌﾟﾝ,ポインセ,7,8, 56 , ロックターミガン,牡,2,２歳,松山弘平,,ダ,1800,10,(栗),石坂公一,栗東,
1220,阪神,9,ｵｰﾌﾟﾝ,ポインセ,8,9, 56 , ワンダーディーン,牡,2,２歳,ジェルー,,ダ,1800,10,(栗),高柳大輔,栗東,
1220,阪神,9,ｵｰﾌﾟﾝ,ポインセ,8,10, 56 ,*ライトオブヌカタ,牡,2,２歳,岩田康誠,,ダ,1800,10,(栗),上村洋行,栗東,
1220,阪神,10,2勝,境港特別･2勝,1,1, 58 , クルミナーレ,牡,4,３歳以上,松山弘平,,芝,2400,8,(栗),池江泰寿,栗東,
1220,阪神,10,2勝,境港特別･2勝,2,2, 58 , ライフセービング,牡,4,３歳以上,岩田康誠,,芝,2400,8,(栗),宮徹,栗東,
1220,阪神,10,2勝,境港特別･2勝,3,3, 56 , アロンディ,牡,3,３歳以上,Ｃ．デム,,芝,2400,8,(栗),武英智,栗東,
1220,阪神,10,2勝,境港特別･2勝,4,4, 56 , シュバルツマサムネ,牡,3,３歳以上,藤岡佑介,,芝,2400,8,(栗),杉山佳明,栗東,
1220,阪神,10,2勝,境港特別･2勝,5,5, 58 , ラーテル,セ,5,３歳以上,松岡正海,,芝,2400,8,(美),南田美知,美浦,
1220,阪神,10,2勝,境港特別･2勝,6,6, 58 , イーサンアイ,牡,6,３歳以上,古川吉洋,,芝,2400,8,(栗),河嶋宏樹,栗東,
1220,阪神,10,2勝,境港特別･2勝,7,7, 58 , サンデイビス,牡,7,３歳以上,上野翔,,芝,2400,8,(美),村田一誠,美浦,
1220,阪神,10,2勝,境港特別･2勝,8,8, 58 , プレイリードリーム,牡,9,３歳以上,和田竜二,,芝,2400,8,(栗),安達昭夫,栗東,
1220,阪神,11,ｵｰﾌﾟﾝ,タンザナＨ,1,1,57.5, アサカラキング,牡,5,３歳以上,北村友一,,芝,1200,16,(美),斎藤誠,美浦,B
1220,阪神,11,ｵｰﾌﾟﾝ,タンザナＨ,1,2, 55 , ソウテン,牡,6,３歳以上,団野大成,,芝,1200,16,(栗),斉藤崇史,栗東,B
1220,阪神,11,ｵｰﾌﾟﾝ,タンザナＨ,2,3, 53 , レッドヒルシューズ,牝,5,３歳以上,古川吉洋,,芝,1200,16,(栗),武英智,栗東,B
1220,阪神,11,ｵｰﾌﾟﾝ,タンザナＨ,2,4, 56 , サトノカルナバル,牡,3,３歳以上,松山弘平,,芝,1200,16,(美),堀宣行,美浦,
1220,阪神,11,ｵｰﾌﾟﾝ,タンザナＨ,3,5, 56 ,$デュガ,セ,6,３歳以上,坂井瑠星,,芝,1200,16,(栗),森秀行,栗東,
1220,阪神,11,ｵｰﾌﾟﾝ,タンザナＨ,3,6,57.5, ペプチドヤマト,牡,6,３歳以上,藤岡佑介,,芝,1200,16,(栗),武英智,栗東,B
1220,阪神,11,ｵｰﾌﾟﾝ,タンザナＨ,4,7, 55 , ロンドンプラン,牡,5,３歳以上,和田竜二,,芝,1200,16,(栗),宮本博,栗東,
1220,阪神,11,ｵｰﾌﾟﾝ,タンザナＨ,4,8, 54 , ミルトクレイモー,牡,5,３歳以上,吉村誠之,,芝,1200,16,(栗),中村直也,栗東,
1220,阪神,11,ｵｰﾌﾟﾝ,タンザナＨ,5,9, 57 , カルロヴェローチェ,セ,5,３歳以上,川田将雅,,芝,1200,16,(栗),須貝尚介,栗東,
1220,阪神,11,ｵｰﾌﾟﾝ,タンザナＨ,5,10, 53 , グランテスト,牝,5,３歳以上,田口貫太,,芝,1200,16,(栗),今野貞一,栗東,
1220,阪神,11,ｵｰﾌﾟﾝ,タンザナＨ,6,11, 53 , アスコルティアーモ,牝,5,３歳以上,ジェルー,,芝,1200,16,(美),林徹,美浦,
1220,阪神,11,ｵｰﾌﾟﾝ,タンザナＨ,6,12, 56 ,$ショウナンハクラク,牡,6,３歳以上,池添謙一,,芝,1200,16,(栗),松下武士,栗東,
1220,阪神,11,ｵｰﾌﾟﾝ,タンザナＨ,7,13, 55 , ドゥアイズ,牝,5,３歳以上,Ｃ．デム,,芝,1200,16,(栗),庄野靖志,栗東,B
1220,阪神,11,ｵｰﾌﾟﾝ,タンザナＨ,7,14, 56 , ヤブサメ,牡,4,３歳以上,武豊,,芝,1200,16,(栗),石橋守,栗東,
1220,阪神,11,ｵｰﾌﾟﾝ,タンザナＨ,8,15, 54 , バースクライ,牝,5,３歳以上,岩田望来,,芝,1200,16,(栗),千田輝彦,栗東,
1220,阪神,11,ｵｰﾌﾟﾝ,タンザナＨ,8,16, 58 , ウイングレイテスト,牡,8,３歳以上,松岡正海,,芝,1200,16,(美),畠山吉宏,美浦,B
1220,阪神,12,2勝,２勝ｸﾗｽ,1,1, 56 , ニジュウダンサー,牝,5,３歳以上,川田将雅,,芝,1200,16,(美),尾関知人,美浦,
1220,阪神,12,2勝,２勝ｸﾗｽ,1,2, 55 , クレオズニードル,牝,3,３歳以上,和田竜二,,芝,1200,16,(美),和田勇介,美浦,
1220,阪神,12,2勝,２勝ｸﾗｽ,2,3, 55 , ブルーサンセット,牝,3,３歳以上,Ｃ．デム,,芝,1200,16,(栗),奥村豊,栗東,
1220,阪神,12,2勝,２勝ｸﾗｽ,2,4, 58 , ファイツオン,牡,4,３歳以上,吉村誠之,,芝,1200,16,(栗),藤岡健一,栗東,B
1220,阪神,12,2勝,２勝ｸﾗｽ,3,5,53▲, スカプラリオ,牝,5,３歳以上,田山旺佑,,芝,1200,16,(栗),佐々木晶,栗東,B
1220,阪神,12,2勝,２勝ｸﾗｽ,3,6, 56 , レイククレセント,牝,4,３歳以上,坂井瑠星,,芝,1200,16,(美),大竹正博,美浦,
1220,阪神,12,2勝,２勝ｸﾗｽ,4,7, 58 , タイキエクセロン,牡,6,３歳以上,酒井学,,芝,1200,16,(栗),西園正都,栗東,B
1220,阪神,12,2勝,２勝ｸﾗｽ,4,8, 56 , カリーシ,牝,4,３歳以上,武豊,,芝,1200,16,(美),武井亮,美浦,
1220,阪神,12,2勝,２勝ｸﾗｽ,5,9, 56 , ブルーアイドガール,牝,4,３歳以上,北村友一,,芝,1200,16,(栗),吉岡辰弥,栗東,
1220,阪神,12,2勝,２勝ｸﾗｽ,5,10, 57 , ケイテンアイジン,牡,3,３歳以上,古川吉洋,,芝,1200,16,(栗),谷潔,栗東,
1220,阪神,12,2勝,２勝ｸﾗｽ,6,11,54△, スペルキャスター,牝,5,３歳以上,鷲頭虎太,,芝,1200,16,(美),蛯名利弘,美浦,B
1220,阪神,12,2勝,２勝ｸﾗｽ,6,12, 58 , ガストン,セ,6,３歳以上,ジェルー,,芝,1200,16,(栗),高橋康之,栗東,
1220,阪神,12,2勝,２勝ｸﾗｽ,7,13, 58 , ハピアーザンエバー,牡,4,３歳以上,松山弘平,,芝,1200,16,(栗),羽月友彦,栗東,
1220,阪神,12,2勝,２勝ｸﾗｽ,7,14, 56 , アムールリーベ,牝,4,３歳以上,荻野琢真,,芝,1200,16,(栗),宮地貴稔,栗東,
1220,阪神,12,2勝,２勝ｸﾗｽ,8,15,53▲, モズトキキ,牝,4,３歳以上,和田陽希,,芝,1200,16,(栗),平田修,栗東,
1220,阪神,12,2勝,２勝ｸﾗｽ,8,16, 55 , エルサトアナ,牝,3,３歳以上,太宰啓介,,芝,1200,16,(栗),本田優,栗東,
